2025-11-09 13:46:34,28.37,47.56,3.23,Normal,0.117
2025-11-09 13:46:34,28.37,47.56,3.23,Normal,0.1027
2025-11-09 13:46:36,30.11,50.94,3.23,Normal,0.175
2025-11-09 13:46:36,30.11,50.94,3.23,Normal,0.1524
2025-11-09 13:46:38,29.64,51.96,3.61,Normal,0.1707
2025-11-09 13:46:38,29.64,51.96,3.61,Normal,0.1589
2025-11-09 13:46:40,29.89,51.31,3.4,Normal,0.1669
2025-11-09 13:46:40,29.89,51.31,3.4,Normal,0.1546
2025-11-09 13:46:42,29.38,51.36,3.02,Normal,0.1781
2025-11-09 13:46:42,29.38,51.36,3.02,Normal,0.1593
2025-11-09 13:46:44,31.26,51.61,3.14,Normal,0.1621
2025-11-09 13:46:44,31.26,51.61,3.14,Normal,0.1469
2025-11-09 13:46:46,30.49,51.69,3.16,Normal,0.1722
2025-11-09 13:46:46,30.49,51.69,3.16,Normal,0.1614
2025-11-09 13:46:48,29.56,51.82,3.48,Normal,0.1705
2025-11-09 13:46:48,29.56,51.82,3.48,Normal,0.1608
2025-11-09 13:46:50,28.99,54.6,2.8,Normal,0.1766
2025-11-09 13:46:50,28.99,54.6,2.8,Normal,0.1787
2025-11-09 13:46:52,28.21,56.56,2.59,Normal,0.1542
2025-11-09 13:46:52,28.21,56.56,2.59,Normal,0.152
2025-11-09 13:46:54,28.86,58.1,2.73,Normal,0.1599
2025-11-09 13:46:54,28.86,58.1,2.73,Normal,0.1655
2025-11-09 13:46:56,28.4,54.99,3.24,Normal,0.1586
2025-11-09 13:46:56,28.4,54.99,3.24,Normal,0.167
2025-11-09 13:46:58,30.27,49.24,3.05,Normal,0.1571
2025-11-09 13:46:58,30.27,49.24,3.05,Normal,0.1415
2025-11-09 13:47:00,31.86,50.85,3.04,Normal,0.133
2025-11-09 13:47:00,31.86,50.85,3.04,Normal,0.1484
2025-11-09 13:47:02,31.97,53.5,2.46,Normal,0.1508
2025-11-09 13:47:02,31.97,53.5,2.46,Normal,0.149
2025-11-09 13:47:04,30.46,56.76,2.7,Normal,0.172
2025-11-09 13:47:04,30.46,56.76,2.7,Normal,0.172
2025-11-09 13:47:06,30.44,53.52,2.8,Normal,0.18
2025-11-09 13:47:06,30.44,53.52,2.8,Normal,0.1758
2025-11-09 13:47:08,30.36,55.52,2.91,Normal,0.177
2025-11-09 13:47:08,30.36,55.52,2.91,Normal,0.1824
2025-11-09 13:47:10,31.39,56.07,2.57,Normal,0.1643
2025-11-09 13:47:10,31.39,56.07,2.57,Normal,0.1641
2025-11-09 13:47:12,29.62,58.85,2.41,Normal,0.1618
2025-11-09 13:47:12,29.62,58.85,2.41,Normal,0.1604
2025-11-09 13:47:14,29.54,57.08,2.4,Normal,0.1671
2025-11-09 13:47:14,29.54,57.08,2.4,Normal,0.164
2025-11-09 13:47:16,29.59,58.58,2.87,Normal,0.1649
2025-11-09 13:47:16,29.59,58.58,2.87,Normal,0.172
2025-11-09 13:47:18,29.67,59.24,3.3,Normal,0.1679
2025-11-09 13:47:18,29.67,59.24,3.3,Normal,0.1743
2025-11-09 13:47:20,28.38,57.57,3.17,Normal,0.1597
2025-11-09 13:47:20,28.38,57.57,3.17,Normal,0.1615
2025-11-09 13:47:22,28.3,56.69,2.39,Normal,0.1482
2025-11-09 13:47:22,28.3,56.69,2.39,Normal,0.1446
2025-11-09 13:47:24,26.22,57.01,3.4,Normal,0.0831
2025-11-09 13:47:24,26.22,57.01,3.4,Normal,0.0984
2025-11-09 13:47:26,27.98,55.39,3.13,Normal,0.159
2025-11-09 13:47:26,27.98,55.39,3.13,Normal,0.1576
2025-11-09 13:47:28,28.64,56.57,3.64,Normal,0.1578
2025-11-09 13:47:28,28.64,56.57,3.64,Normal,0.1586
2025-11-09 13:47:30,31.02,55.83,2.67,Normal,0.1684
2025-11-09 13:47:30,31.02,55.83,2.67,Normal,0.1712
2025-11-09 13:47:32,31.01,56.47,3.14,Normal,0.1742
2025-11-09 13:47:32,31.01,56.47,3.14,Normal,0.1653
2025-11-09 13:47:34,30.71,53.17,3.32,Normal,0.1713
2025-11-09 13:47:34,30.71,53.17,3.32,Normal,0.175
2025-11-09 13:47:36,31.07,53.23,4.06,Normal,0.1368
2025-11-09 13:47:36,31.07,53.23,4.06,Normal,0.14
2025-11-09 13:47:38,30.53,51.16,3.37,Normal,0.1496
2025-11-09 13:47:38,30.53,51.16,3.37,Normal,0.1661
2025-11-09 13:47:40,31.23,54.51,3.31,Normal,0.1657
2025-11-09 13:47:40,31.23,54.51,3.31,Normal,0.1724
2025-11-09 13:47:42,30.5,56.93,2.93,Normal,0.1738
2025-11-09 13:47:42,30.5,56.93,2.93,Normal,0.1765
2025-11-09 13:47:44,34.25,56.37,4.36,Normal,0.0239
2025-11-09 13:47:44,34.25,56.37,4.36,Normal,0.0098
2025-11-09 13:47:46,33.78,55.3,4.31,Normal,0.0561
2025-11-09 13:47:46,33.78,55.3,4.31,Normal,0.0453
2025-11-09 13:47:48,32.84,56.2,3.8,Normal,0.124
2025-11-09 13:47:48,32.84,56.2,3.8,Normal,0.1161
2025-11-09 13:47:50,31.31,56.97,3.26,Normal,0.1591
2025-11-09 13:47:50,31.31,56.97,3.26,Normal,0.1698
2025-11-09 13:47:52,27.07,59.96,4.05,Normal,0.0766
2025-11-09 13:47:52,27.07,59.96,4.05,Normal,0.0837
2025-11-09 13:47:54,31.28,57.22,5.22,Normal,0.0469
2025-11-09 13:47:54,31.28,57.22,5.22,Normal,0.0428
2025-11-09 13:47:56,30.47,55.89,4.87,Normal,0.0888
2025-11-09 13:47:56,30.47,55.89,4.87,Normal,0.0908
2025-11-09 13:47:58,32.55,55.52,4.59,Normal,0.0906
2025-11-09 13:47:58,32.55,55.52,4.59,Normal,0.0785
2025-11-09 13:48:00,31.72,57.67,3.21,Normal,0.1547
2025-11-09 13:48:00,31.72,57.67,3.21,Normal,0.1553
2025-11-09 13:48:02,32.02,55.38,3.44,Normal,0.1427
2025-11-09 13:48:02,32.02,55.38,3.44,Normal,0.1541
2025-11-09 13:48:04,31.99,54.55,3.58,Normal,0.1461
2025-11-09 13:48:04,31.99,54.55,3.58,Normal,0.1536
2025-11-09 13:48:06,31.57,51.15,3.98,Normal,0.1132
2025-11-09 13:48:06,31.57,51.15,3.98,Normal,0.133
2025-11-09 13:48:08,31.3,52.32,3.8,Normal,0.1425
2025-11-09 13:48:08,31.3,52.32,3.8,Normal,0.1517
2025-11-09 13:48:10,29.98,52.82,3.4,Normal,0.1702
2025-11-09 13:48:10,29.98,52.82,3.4,Normal,0.1718
2025-11-09 13:48:12,28.99,53.61,3.15,Normal,0.1733
2025-11-09 13:48:12,28.99,53.61,3.15,Normal,0.1773
2025-11-09 13:48:14,28.64,54.93,3.13,Normal,0.1713
2025-11-09 13:48:14,28.64,54.93,3.13,Normal,0.1691
2025-11-09 13:48:16,33.59,50.96,4.58,Normal,0.0093
2025-11-09 13:48:16,33.59,50.96,4.58,Normal,0.0429
2025-11-09 13:48:18,33.54,52.27,4.26,Normal,0.0485
2025-11-09 13:48:18,33.54,52.27,4.26,Normal,0.0555
2025-11-09 13:48:20,33.28,49.93,3.77,Normal,0.0577
2025-11-09 13:48:20,33.28,49.93,3.77,Normal,0.0803
2025-11-09 13:48:22,31.61,52.17,2.84,Normal,0.1547
2025-11-09 13:48:22,31.61,52.17,2.84,Normal,0.16
2025-11-09 13:48:24,30.86,52.11,2.82,Normal,0.1667
2025-11-09 13:48:24,30.86,52.11,2.82,Normal,0.1732
2025-11-09 13:48:26,27.5,54.45,4.34,Normal,0.0948
2025-11-09 13:48:26,27.5,54.45,4.34,Normal,0.1061
2025-11-09 13:48:28,27.66,55.58,4.47,Normal,0.0906
2025-11-09 13:48:28,27.66,55.58,4.47,Normal,0.0952
2025-11-09 13:48:30,28.21,58.05,4.2,Normal,0.1166
2025-11-09 13:48:30,28.21,58.05,4.2,Normal,0.1125
2025-11-09 13:48:32,29.61,58.86,3.25,Normal,0.1666
2025-11-09 13:48:32,29.61,58.86,3.25,Normal,0.1747
2025-11-09 13:48:34,30.58,59.87,3.58,Normal,0.1505
2025-11-09 13:48:34,30.58,59.87,3.58,Normal,0.1554
2025-11-09 13:48:36,34.62,56.15,4.53,Anomaly,-0.0145
2025-11-09 13:48:36,34.62,56.15,4.53,Anomaly,-0.0125
2025-11-09 13:48:38,33.58,55.37,5.11,Normal,0.0042
2025-11-09 13:48:38,33.58,55.37,5.11,Normal,0.0022
2025-11-09 13:48:40,32.4,53.95,4.88,Normal,0.0563
2025-11-09 13:48:40,32.4,53.95,4.88,Normal,0.0566
2025-11-09 13:48:42,29.77,55.97,4.15,Normal,0.1504
2025-11-09 13:48:42,29.77,55.97,4.15,Normal,0.147
2025-11-09 13:48:44,30.21,55.79,3.7,Normal,0.1667
2025-11-09 13:48:44,30.21,55.79,3.7,Normal,0.1657
2025-11-09 13:48:46,29.77,57.37,3.6,Normal,0.1704
2025-11-09 13:48:46,29.77,57.37,3.6,Normal,0.169
2025-11-09 13:48:48,29.34,57.22,3.7,Normal,0.1633
2025-11-09 13:48:48,29.34,57.22,3.7,Normal,0.1642
2025-11-09 13:48:50,28.58,57.11,3.58,Normal,0.1555
2025-11-09 13:48:50,28.58,57.11,3.58,Normal,0.1578
2025-11-09 13:48:52,27.61,54.16,3.98,Normal,0.118
2025-11-09 13:48:52,27.61,54.16,3.98,Normal,0.1255
2025-11-09 13:48:54,28.54,55.2,3.59,Normal,0.1589
2025-11-09 13:48:54,28.54,55.2,3.59,Normal,0.1568
2025-11-09 13:48:56,29.3,54.82,2.81,Normal,0.1772
2025-11-09 13:48:56,29.3,54.82,2.81,Normal,0.1823
2025-11-09 13:48:58,29.4,56.84,1.88,Normal,0.1456
2025-11-09 13:48:58,29.4,56.84,1.88,Normal,0.1406
2025-11-09 13:49:00,29.67,54.69,2.26,Normal,0.17
2025-11-09 13:49:00,29.67,54.69,2.26,Normal,0.1713
2025-11-09 13:49:02,29.68,53.98,2.55,Normal,0.1765
2025-11-09 13:49:02,29.68,53.98,2.55,Normal,0.1756
2025-11-09 13:49:05,29.23,54.17,3.29,Normal,0.1747
2025-11-09 13:49:05,29.23,54.17,3.29,Normal,0.1783
2025-11-09 13:49:07,28.71,53.11,3.64,Normal,0.1609
2025-11-09 13:49:07,28.71,53.11,3.64,Normal,0.1648
2025-11-09 13:49:09,28.76,52.85,3.73,Normal,0.1574
2025-11-09 13:49:09,28.76,52.85,3.73,Normal,0.1573
2025-11-09 13:49:11,26.61,52.67,4.98,Normal,0.0227
2025-11-09 13:49:11,26.61,52.67,4.98,Normal,0.0344
2025-11-09 13:49:13,26.88,53.33,4.39,Normal,0.0745
2025-11-09 13:49:13,26.88,53.33,4.39,Normal,0.0778
2025-11-09 13:49:15,27.66,56.42,4.29,Normal,0.1002
2025-11-09 13:49:15,27.66,56.42,4.29,Normal,0.1018
2025-11-09 13:49:17,33.37,54.88,4.12,Normal,0.0698
2025-11-09 13:49:17,33.37,54.88,4.12,Normal,0.0774
2025-11-09 13:49:19,33.51,54.57,3.68,Normal,0.0806
2025-11-09 13:49:19,33.51,54.57,3.68,Normal,0.0947
2025-11-09 13:49:21,28.67,58.35,4.77,Normal,0.0787
2025-11-09 13:49:21,28.67,58.35,4.77,Normal,0.0796
2025-11-09 13:49:23,27.13,57.89,4.17,Normal,0.0944
2025-11-09 13:49:23,27.13,57.89,4.17,Normal,0.0924
2025-11-09 13:49:25,26.34,56.8,4.54,Normal,0.0447
2025-11-09 13:49:25,26.34,56.8,4.54,Normal,0.0423
2025-11-09 13:49:27,28.97,53.32,3.74,Normal,0.1624
2025-11-09 13:49:27,28.97,53.32,3.74,Normal,0.1564
2025-11-09 13:49:29,30.17,51.72,3.65,Normal,0.156
2025-11-09 13:49:29,30.17,51.72,3.65,Normal,0.1673
2025-11-09 13:49:31,31.48,52.52,3.14,Normal,0.1598
2025-11-09 13:49:31,31.48,52.52,3.14,Normal,0.1647
2025-11-09 13:49:33,31.46,52.95,2.86,Normal,0.1682
2025-11-09 13:49:33,31.46,52.95,2.86,Normal,0.1625
2025-11-09 13:49:35,30.75,53.3,2.35,Normal,0.163
2025-11-09 13:49:35,30.75,53.3,2.35,Normal,0.1711
2025-11-09 13:49:37,30.16,53.44,2.45,Normal,0.1683
2025-11-09 13:49:37,30.16,53.44,2.45,Normal,0.1744
2025-11-09 13:49:39,26.59,57.58,4.35,Normal,0.0612
2025-11-09 13:49:39,26.59,57.58,4.35,Normal,0.0622
2025-11-09 13:49:41,27.95,57.76,3.97,Normal,0.1185
2025-11-09 13:49:41,27.95,57.76,3.97,Normal,0.1167
2025-11-09 13:49:43,27.96,58.03,3.66,Normal,0.1356
2025-11-09 13:49:43,27.96,58.03,3.66,Normal,0.1334
2025-11-09 13:49:45,28.95,55.01,2.31,Normal,0.1622
2025-11-09 13:49:45,28.95,55.01,2.31,Normal,0.1688
2025-11-09 13:49:47,28.34,54.67,2.32,Normal,0.1577
2025-11-09 13:49:47,28.34,54.67,2.32,Normal,0.1546
2025-11-09 13:49:49,32.3,60.81,4.49,Normal,0.0664
2025-11-09 13:49:49,32.3,60.81,4.49,Normal,0.0664
2025-11-09 13:49:51,33.31,59.2,4.03,Normal,0.0711
2025-11-09 13:49:51,33.31,59.2,4.03,Normal,0.0716
2025-11-09 13:49:53,32.32,60.73,4.08,Normal,0.0977
2025-11-09 13:49:53,32.32,60.73,4.08,Normal,0.0957
2025-11-09 13:49:55,30.59,57.25,2.52,Normal,0.1687
2025-11-09 13:49:55,30.59,57.25,2.52,Normal,0.1698
2025-11-09 13:49:57,35.12,56.16,3.72,Anomaly,-0.0022
2025-11-09 13:49:57,35.12,56.16,3.72,Normal,0.0029
2025-11-09 13:49:59,34.62,56.89,3.99,Normal,0.012
2025-11-09 13:49:59,34.62,56.89,3.99,Normal,0.0131
2025-11-09 13:50:01,34.86,57.46,4.35,Anomaly,-0.0271
2025-11-09 13:50:01,34.86,57.46,4.35,Anomaly,-0.0167
2025-11-09 13:50:03,31.64,57.4,3.73,Normal,0.1489
2025-11-09 13:50:03,31.64,57.4,3.73,Normal,0.1441
2025-11-09 13:50:05,31.5,55.94,3.31,Normal,0.1688
2025-11-09 13:50:05,31.5,55.94,3.31,Normal,0.1591
2025-11-09 13:50:07,30.24,51.82,3.21,Normal,0.174
2025-11-09 13:50:07,30.24,51.82,3.21,Normal,0.1614
2025-11-09 13:50:09,30.28,49.54,3.23,Normal,0.1607
2025-11-09 13:50:09,30.28,49.54,3.23,Normal,0.1424
2025-11-09 13:50:11,30.83,50.26,2.99,Normal,0.1621
2025-11-09 13:50:11,30.83,50.26,2.99,Normal,0.1488
2025-11-09 13:50:13,33.61,55.89,4.75,Normal,0.0259
2025-11-09 13:50:13,33.61,55.89,4.75,Normal,0.0302
2025-11-09 13:50:15,33.44,57.89,4.41,Normal,0.0416
2025-11-09 13:50:15,33.44,57.89,4.41,Normal,0.0468
2025-11-09 13:50:17,32.04,55.79,4.31,Normal,0.1095
2025-11-09 13:50:17,32.04,55.79,4.31,Normal,0.1159
2025-11-09 13:50:19,29.8,56.44,2.96,Normal,0.179
2025-11-09 13:50:19,29.8,56.44,2.96,Normal,0.1785
2025-11-09 13:50:21,29.76,57.6,3.17,Normal,0.1773
2025-11-09 13:50:21,29.76,57.6,3.17,Normal,0.1768
2025-11-09 13:50:23,30.34,58.6,3.45,Normal,0.1613
2025-11-09 13:50:23,30.34,58.6,3.45,Normal,0.1653
2025-11-09 13:50:25,30.38,57.83,3.73,Normal,0.1571
2025-11-09 13:50:25,30.38,57.83,3.73,Normal,0.1595
2025-11-09 13:50:27,29.77,57.24,3.74,Normal,0.1679
2025-11-09 13:50:27,29.77,57.24,3.74,Normal,0.1614
2025-11-09 13:50:29,30.78,58.61,3.41,Normal,0.1609
2025-11-09 13:50:29,30.78,58.61,3.41,Normal,0.1602
2025-11-09 13:50:32,30.66,54.76,3.46,Normal,0.1691
2025-11-09 13:50:32,30.66,54.76,3.46,Normal,0.1705
2025-11-09 13:50:34,30.85,54.39,3.04,Normal,0.1755
2025-11-09 13:50:34,30.85,54.39,3.04,Normal,0.1785
2025-11-09 13:50:36,29.66,53.5,2.93,Normal,0.1781
2025-11-09 13:50:36,29.66,53.5,2.93,Normal,0.1789
2025-11-09 13:50:38,29.36,57.45,2.78,Normal,0.1702
2025-11-09 13:50:38,29.36,57.45,2.78,Normal,0.1729
2025-11-09 13:50:40,30.34,56.23,2.88,Normal,0.1807
2025-11-09 13:50:40,30.34,56.23,2.88,Normal,0.173
2025-11-09 13:50:42,35.16,60.44,4.36,Anomaly,-0.0355
2025-11-09 13:50:42,35.16,60.44,4.36,Anomaly,-0.04
2025-11-09 13:50:44,34.2,56.23,4.41,Normal,0.0297
2025-11-09 13:50:46,32.51,56.92,4.3,Normal,0.0932
2025-11-09 13:50:46,32.51,56.92,4.3,Normal,0.1075
2025-11-09 13:50:48,29.15,53.27,2.69,Normal,0.1737
2025-11-09 13:50:48,29.15,53.27,2.69,Normal,0.1713
2025-11-09 13:50:50,29.56,53.65,2.62,Normal,0.1712
2025-11-09 13:50:50,29.56,53.65,2.62,Normal,0.1787
2025-11-09 13:50:52,30.39,53.47,2.37,Normal,0.1661
2025-11-09 13:50:52,30.39,53.47,2.37,Normal,0.1726
2025-11-09 13:50:54,30.33,50.69,2.84,Normal,0.1676
2025-11-09 13:50:54,30.33,50.69,2.84,Normal,0.1492
2025-11-09 13:50:56,29.5,51.38,3.0,Normal,0.1774
2025-11-09 13:50:56,29.5,51.38,3.0,Normal,0.1631
2025-11-09 13:50:58,29.34,52.22,3.2,Normal,0.1795
2025-11-09 13:50:58,29.34,52.22,3.2,Normal,0.1712
2025-11-09 13:51:00,31.76,58.68,4.81,Normal,0.0623
2025-11-09 13:51:00,31.76,58.68,4.81,Normal,0.075
2025-11-09 13:51:02,37.12,59.33,5.07,Anomaly,-0.0957
2025-11-09 13:51:02,37.12,59.33,5.07,Anomaly,-0.0721
2025-11-09 13:51:04,34.69,58.31,5.32,Anomaly,-0.0766
2025-11-09 13:51:04,34.69,58.31,5.32,Anomaly,-0.0752
2025-11-09 13:51:06,31.88,54.85,4.0,Normal,0.1337
2025-11-09 13:51:06,31.88,54.85,4.0,Normal,0.1343
2025-11-09 13:51:08,29.46,49.41,4.28,Normal,0.1178
2025-11-09 13:51:08,29.46,49.41,4.28,Normal,0.1066
2025-11-09 13:51:10,27.03,44.59,5.06,Anomaly,-0.0543
2025-11-09 13:51:10,27.03,44.59,5.06,Anomaly,-0.0715
2025-11-09 13:51:12,27.41,46.13,5.22,Anomaly,-0.0399
2025-11-09 13:51:12,27.41,46.13,5.22,Anomaly,-0.0502
2025-11-09 13:51:14,26.7,50.33,5.08,Normal,0.0143
2025-11-09 13:51:14,26.7,50.33,5.08,Anomaly,-0.006
2025-11-09 13:51:17,27.85,54.46,4.1,Normal,0.1232
2025-11-09 13:51:17,27.85,54.46,4.1,Normal,0.1175
2025-11-09 13:51:19,28.93,55.55,3.56,Normal,0.1668
2025-11-09 13:51:19,28.93,55.55,3.56,Normal,0.1694
2025-11-09 13:51:21,29.85,55.91,2.95,Normal,0.1785
2025-11-09 13:51:21,29.85,55.91,2.95,Normal,0.1799
2025-11-09 13:51:23,30.01,53.53,2.84,Normal,0.1769
2025-11-09 13:51:23,30.01,53.53,2.84,Normal,0.1826
2025-11-09 13:51:25,29.33,54.56,3.52,Normal,0.174
2025-11-09 13:51:25,29.33,54.56,3.52,Normal,0.174
2025-11-09 13:51:27,28.53,56.41,3.88,Normal,0.1459
2025-11-09 13:51:27,28.53,56.41,3.88,Normal,0.1383
2025-11-09 13:51:29,29.05,58.14,4.14,Normal,0.1323
2025-11-09 13:51:31,29.56,56.42,3.52,Normal,0.1708
2025-11-09 13:51:31,29.56,56.42,3.52,Normal,0.1694
2025-11-09 13:51:33,34.29,53.45,5.36,Anomaly,-0.052
2025-11-09 13:51:33,34.29,53.45,5.36,Anomaly,-0.042
2025-11-09 13:51:35,34.28,53.17,5.11,Anomaly,-0.0303
2025-11-09 13:51:35,34.28,53.17,5.11,Anomaly,-0.0234
2025-11-09 13:51:37,32.93,53.6,5.02,Normal,0.0275
2025-11-09 13:51:37,32.93,53.6,5.02,Normal,0.029
2025-11-09 13:51:39,31.32,57.54,3.44,Normal,0.1571
2025-11-09 13:51:39,31.32,57.54,3.44,Normal,0.1641
2025-11-09 13:51:41,30.69,57.4,3.15,Normal,0.1716
2025-11-09 13:51:41,30.69,57.4,3.15,Normal,0.1741
2025-11-09 13:51:43,30.84,57.32,2.66,Normal,0.167
2025-11-09 13:51:43,30.84,57.32,2.66,Normal,0.1716
2025-11-09 13:51:45,30.81,54.47,2.71,Normal,0.181
2025-11-09 13:51:45,30.81,54.47,2.71,Normal,0.1729
2025-11-09 13:51:47,30.78,56.17,2.56,Normal,0.1747
2025-11-09 13:51:47,30.78,56.17,2.56,Normal,0.1713
2025-11-09 13:51:49,31.22,57.74,3.12,Normal,0.1636
2025-11-09 13:51:49,31.22,57.74,3.12,Normal,0.1679
2025-11-09 13:51:51,35.94,61.39,4.52,Anomaly,-0.0619
2025-11-09 13:51:51,35.94,61.39,4.52,Anomaly,-0.0723
2025-11-09 13:51:53,34.8,58.33,4.66,Anomaly,-0.0437
2025-11-09 13:51:53,34.8,58.33,4.66,Anomaly,-0.0378
2025-11-09 13:51:55,34.31,58.3,3.58,Normal,0.0378
2025-11-09 13:51:55,34.31,58.3,3.58,Normal,0.039
2025-11-09 13:51:57,31.05,54.16,2.77,Normal,0.1783
2025-11-09 13:51:57,31.05,54.16,2.77,Normal,0.1696
2025-11-09 13:51:59,31.27,54.24,2.58,Normal,0.1652
2025-11-09 13:51:59,31.27,54.24,2.58,Normal,0.1678
2025-11-09 13:52:01,30.89,53.33,3.45,Normal,0.1646
2025-11-09 13:52:01,30.89,53.33,3.45,Normal,0.164
2025-11-09 13:52:03,30.51,52.5,3.29,Normal,0.1745
2025-11-09 13:52:03,30.51,52.5,3.29,Normal,0.1705
2025-11-09 13:52:05,30.65,54.38,3.24,Normal,0.179
2025-11-09 13:52:05,30.65,54.38,3.24,Normal,0.1717
2025-11-09 13:52:07,30.22,54.91,2.75,Normal,0.1769
2025-11-09 13:52:07,30.22,54.91,2.75,Normal,0.1785
2025-11-09 13:52:09,30.77,56.52,2.77,Normal,0.1742
2025-11-09 13:52:09,30.77,56.52,2.77,Normal,0.1737
2025-11-09 13:52:12,30.87,57.33,2.72,Normal,0.172
2025-11-09 13:52:12,30.87,57.33,2.72,Normal,0.1675
2025-11-09 13:52:14,30.67,55.77,3.29,Normal,0.1739
2025-11-09 13:52:14,30.67,55.77,3.29,Normal,0.1778
2025-11-09 13:52:16,33.4,57.92,4.97,Normal,0.0131
2025-11-09 13:52:16,33.4,57.92,4.97,Normal,0.0143
2025-11-09 13:52:18,32.41,56.87,5.28,Normal,0.0217
2025-11-09 13:52:18,32.41,56.87,5.28,Normal,0.0212
2025-11-09 13:52:20,29.05,61.79,6.31,Anomaly,-0.031
2025-11-09 13:52:20,29.05,61.79,6.31,Anomaly,-0.0307
2025-11-09 13:52:22,32.06,58.26,6.22,Anomaly,-0.03
2025-11-09 13:52:22,32.06,58.26,6.22,Anomaly,-0.0199
2025-11-09 13:52:24,30.79,58.79,5.48,Normal,0.0099
2025-11-09 13:52:24,30.79,58.79,5.48,Normal,0.0269
2025-11-09 13:52:26,32.11,52.64,4.49,Normal,0.0982
2025-11-09 13:52:26,32.11,52.64,4.49,Normal,0.0965
2025-11-09 13:52:28,30.6,53.92,3.63,Normal,0.1639
2025-11-09 13:52:28,30.6,53.92,3.63,Normal,0.1665
2025-11-09 13:52:30,30.68,53.97,3.84,Normal,0.1526
2025-11-09 13:52:30,30.68,53.97,3.84,Normal,0.1643
2025-11-09 13:52:32,30.81,57.61,3.68,Normal,0.1583
2025-11-09 13:52:32,30.81,57.61,3.68,Normal,0.1627
2025-11-09 13:52:34,35.58,54.51,4.83,Anomaly,-0.0476
2025-11-09 13:52:34,35.58,54.51,4.83,Anomaly,-0.0464
2025-11-09 13:52:36,32.32,56.51,5.47,Normal,0.0043
2025-11-09 13:52:36,32.32,56.51,5.47,Normal,0.0061
2025-11-09 13:52:38,32.21,54.89,4.69,Normal,0.0715
2025-11-09 13:52:38,32.21,54.89,4.69,Normal,0.0868
2025-11-09 13:52:40,28.6,57.28,3.58,Normal,0.1578
2025-11-09 13:52:40,28.6,57.28,3.58,Normal,0.1563
2025-11-09 13:52:42,30.2,55.99,2.91,Normal,0.1809
2025-11-09 13:52:42,30.2,55.99,2.91,Normal,0.1776
2025-11-09 13:52:44,30.13,54.76,2.92,Normal,0.1813
2025-11-09 13:52:44,30.13,54.76,2.92,Normal,0.1797
2025-11-09 13:52:46,31.15,55.02,2.61,Normal,0.1694
2025-11-09 13:52:46,31.15,55.02,2.61,Normal,0.1648
2025-11-09 13:52:48,30.05,54.81,2.3,Normal,0.1723
2025-11-09 13:52:48,30.05,54.81,2.3,Normal,0.17
2025-11-09 13:52:50,29.28,57.65,2.4,Normal,0.1619
2025-11-09 13:52:50,29.28,57.65,2.4,Normal,0.1648
2025-11-09 13:52:52,28.75,55.99,2.9,Normal,0.1698
2025-11-09 13:52:52,28.75,55.99,2.9,Normal,0.1742
2025-11-09 13:52:54,32.71,57.26,4.16,Normal,0.0995
2025-11-09 13:52:54,32.71,57.26,4.16,Normal,0.1113
2025-11-09 13:52:56,33.24,55.35,3.93,Normal,0.0905
2025-11-09 13:52:56,33.24,55.35,3.93,Normal,0.0942
2025-11-09 13:52:58,33.15,55.54,3.14,Normal,0.1189
2025-11-09 13:52:58,33.15,55.54,3.14,Normal,0.1141
2025-11-09 13:53:00,30.87,54.33,2.69,Normal,0.1715
2025-11-09 13:53:00,30.87,54.33,2.69,Normal,0.1785
2025-11-09 13:53:02,29.84,54.6,2.58,Normal,0.1763
2025-11-09 13:53:02,29.84,54.6,2.58,Normal,0.1814
2025-11-09 13:53:04,30.31,55.62,3.18,Normal,0.1847
2025-11-09 13:53:04,30.31,55.62,3.18,Normal,0.175
2025-11-09 13:53:06,29.38,55.86,3.15,Normal,0.1807
2025-11-09 13:53:06,29.38,55.86,3.15,Normal,0.1762
2025-11-09 13:53:08,30.54,57.85,3.09,Normal,0.1723
2025-11-09 13:53:10,30.32,51.31,3.35,Normal,0.1714
2025-11-09 13:53:08,30.54,57.85,3.09,Normal,0.1712
2025-11-09 13:53:12,30.95,54.25,3.45,Normal,0.1646
2025-11-09 13:53:10,30.32,51.31,3.35,Normal,0.1507
2025-11-09 13:53:14,29.58,55.26,3.11,Normal,0.1838
2025-11-09 13:53:12,30.95,54.25,3.45,Normal,0.1655
2025-11-09 13:53:16,30.62,59.46,3.34,Normal,0.1637
2025-11-09 13:53:14,29.58,55.26,3.11,Normal,0.1811
2025-11-09 13:53:18,34.97,58.27,4.71,Anomaly,-0.0541
2025-11-09 13:53:16,30.62,59.46,3.34,Normal,0.1635
2025-11-09 13:53:20,31.9,56.69,5.65,Normal,0.0002
2025-11-09 13:53:18,34.97,58.27,4.71,Anomaly,-0.0398
2025-11-09 13:53:22,31.07,55.2,5.56,Normal,0.0176
2025-11-09 13:53:20,31.9,56.69,5.65,Normal,0.0143
2025-11-09 13:53:24,28.55,57.36,5.01,Normal,0.0586
2025-11-09 13:53:22,31.07,55.2,5.56,Normal,0.0174
2025-11-09 13:53:26,30.55,54.6,3.53,Normal,0.1685
2025-11-09 13:53:24,28.55,57.36,5.01,Normal,0.0676
2025-11-09 13:53:28,27.86,55.49,4.79,Normal,0.0744
2025-11-09 13:53:26,30.55,54.6,3.53,Normal,0.1722
2025-11-09 13:53:30,27.87,52.23,4.58,Normal,0.0929
2025-11-09 13:53:28,27.86,55.49,4.79,Normal,0.0665
2025-11-09 13:53:32,26.86,51.56,4.71,Normal,0.0573
2025-11-09 13:53:30,27.87,52.23,4.58,Normal,0.0819
2025-11-09 13:53:34,27.83,51.31,3.37,Normal,0.1362
2025-11-09 13:53:32,26.86,51.56,4.71,Normal,0.0298
2025-11-09 13:53:36,28.8,52.37,2.83,Normal,0.1719
2025-11-09 13:53:34,27.83,51.31,3.37,Normal,0.1318
2025-11-09 13:53:38,29.81,53.65,2.29,Normal,0.1612
2025-11-09 13:53:40,31.12,54.87,2.4,Normal,0.1614
2025-11-09 13:53:38,29.81,53.65,2.29,Normal,0.1752
2025-11-09 13:53:42,30.72,53.44,2.52,Normal,0.1659
2025-11-09 13:53:40,31.12,54.87,2.4,Normal,0.1646
2025-11-09 13:53:44,30.6,52.67,3.8,Normal,0.1572
2025-11-09 13:53:42,30.72,53.44,2.52,Normal,0.1713
2025-11-09 13:53:46,29.02,52.83,4.11,Normal,0.1453
2025-11-09 13:53:44,30.6,52.67,3.8,Normal,0.1629
2025-11-09 13:53:46,29.02,52.83,4.11,Normal,0.1395
2025-11-09 13:53:48,28.77,54.05,4.15,Normal,0.1359
2025-11-09 13:53:50,28.76,55.53,3.4,Normal,0.1646
2025-11-09 13:53:48,28.77,54.05,4.15,Normal,0.1346
2025-11-09 13:53:52,29.7,54.18,3.27,Normal,0.1806
2025-11-09 13:53:50,28.76,55.53,3.4,Normal,0.1655
2025-11-09 13:53:54,29.6,55.57,3.27,Normal,0.1808
2025-11-09 13:53:52,29.7,54.18,3.27,Normal,0.1759
2025-11-09 13:53:56,30.26,53.58,2.98,Normal,0.1771
2025-11-09 13:53:54,29.6,55.57,3.27,Normal,0.1778
2025-11-09 13:53:58,28.74,54.15,3.1,Normal,0.1712
2025-11-09 13:53:56,30.26,53.58,2.98,Normal,0.1778
2025-11-09 13:53:58,28.74,54.15,3.1,Normal,0.1706
2025-11-09 13:54:00,30.07,55.13,2.55,Normal,0.1765
2025-11-09 13:54:02,29.83,56.65,2.23,Normal,0.1625
2025-11-09 13:54:00,30.07,55.13,2.55,Normal,0.1794
2025-11-09 13:54:04,31.14,56.2,2.05,Normal,0.1511
2025-11-09 13:54:02,29.83,56.65,2.23,Normal,0.1705
2025-11-09 13:54:06,30.26,57.29,2.35,Normal,0.1672
2025-11-09 13:54:04,31.14,56.2,2.05,Normal,0.1581
2025-11-09 13:54:08,30.98,57.42,2.64,Normal,0.1671
2025-11-09 13:54:06,30.26,57.29,2.35,Normal,0.1695
2025-11-09 13:54:10,32.2,58.66,3.0,Normal,0.1467
2025-11-09 13:54:08,30.98,57.42,2.64,Normal,0.167
2025-11-09 13:54:12,31.81,57.34,3.27,Normal,0.1561
2025-11-09 13:54:10,32.2,58.66,3.0,Normal,0.1446
2025-11-09 13:54:14,32.13,55.18,3.62,Normal,0.1498
2025-11-09 13:54:12,31.81,57.34,3.27,Normal,0.1553
2025-11-09 13:54:16,30.44,52.92,3.54,Normal,0.1657
2025-11-09 13:54:14,32.13,55.18,3.62,Normal,0.1383
2025-11-09 13:54:18,30.97,51.59,3.44,Normal,0.1604
2025-11-09 13:54:16,30.44,52.92,3.54,Normal,0.1682
2025-11-09 13:54:20,27.75,55.55,4.27,Normal,0.1071
2025-11-09 13:54:18,30.97,51.59,3.44,Normal,0.1472
2025-11-09 13:54:22,27.78,61.54,4.28,Normal,0.0708
2025-11-09 13:54:20,27.75,55.55,4.27,Normal,0.1109
2025-11-09 13:54:24,28.08,61.74,3.77,Normal,0.0997
2025-11-09 13:54:22,27.78,61.54,4.28,Normal,0.0648
2025-11-09 13:54:26,28.64,60.39,3.19,Normal,0.1528
2025-11-09 13:54:24,28.08,61.74,3.77,Normal,0.0962
2025-11-09 13:54:26,28.64,60.39,3.19,Normal,0.1453
2025-11-09 13:54:28,28.5,58.87,3.51,Normal,0.1438
2025-11-09 13:54:28,28.5,58.87,3.51,Normal,0.1532
2025-11-09 13:54:30,29.26,58.54,4.02,Normal,0.1397
2025-11-09 13:54:30,29.26,58.54,4.02,Normal,0.1335
2025-11-09 13:54:32,30.9,55.47,4.37,Normal,0.1202
2025-11-09 13:54:32,30.9,55.47,4.37,Normal,0.1313
2025-11-09 13:54:34,30.41,52.19,3.51,Normal,0.1643
2025-11-09 13:54:34,30.41,52.19,3.51,Normal,0.1638
2025-11-09 13:54:36,29.94,52.3,3.46,Normal,0.171
2025-11-09 13:54:36,29.94,52.3,3.46,Normal,0.1646
2025-11-09 13:54:38,29.25,53.02,3.02,Normal,0.1835
2025-11-09 13:54:38,29.25,53.02,3.02,Normal,0.1751
2025-11-09 13:54:40,28.47,57.02,3.52,Normal,0.1536
2025-11-09 13:54:40,28.47,57.02,3.52,Normal,0.1546
2025-11-09 13:54:42,29.14,59.0,3.22,Normal,0.1656
2025-11-09 13:54:42,29.14,59.0,3.22,Normal,0.1622
2025-11-09 13:54:44,29.95,61.38,3.14,Normal,0.1509
2025-11-09 13:54:44,29.95,61.38,3.14,Normal,0.1436
2025-11-09 13:54:46,30.35,60.32,2.79,Normal,0.1601
2025-11-09 13:54:46,30.35,60.32,2.79,Normal,0.1533
2025-11-09 13:54:48,29.71,56.45,2.5,Normal,0.1716
2025-11-09 13:54:48,29.71,56.45,2.5,Normal,0.1674
2025-11-09 13:54:50,30.6,54.67,2.87,Normal,0.179
2025-11-09 13:54:52,30.66,56.19,3.37,Normal,0.1746
2025-11-09 13:54:50,30.6,54.67,2.87,Normal,0.1775
2025-11-09 13:54:54,27.8,60.15,5.04,Normal,0.0314
2025-11-09 13:54:52,30.66,56.19,3.37,Normal,0.1689
2025-11-09 13:54:56,27.93,60.18,4.57,Normal,0.071
2025-11-09 13:54:54,27.8,60.15,5.04,Normal,0.0237
2025-11-09 13:54:58,28.65,56.49,3.91,Normal,0.1429
2025-11-09 13:54:56,27.93,60.18,4.57,Normal,0.0592
2025-11-09 13:55:00,31.11,52.07,3.24,Normal,0.1698
2025-11-09 13:54:58,28.65,56.49,3.91,Normal,0.1485
2025-11-09 13:55:02,30.77,51.28,3.64,Normal,0.1624
2025-11-09 13:55:00,31.11,52.07,3.24,Normal,0.1532
2025-11-09 13:55:04,30.81,49.31,2.74,Normal,0.1433
2025-11-09 13:55:02,30.77,51.28,3.64,Normal,0.1428
2025-11-09 13:55:06,30.95,51.49,2.12,Normal,0.1469
2025-11-09 13:55:04,30.81,49.31,2.74,Normal,0.1437
2025-11-09 13:55:08,30.22,53.45,1.91,Normal,0.1499
2025-11-09 13:55:06,30.95,51.49,2.12,Normal,0.1445
2025-11-09 13:55:10,30.83,56.53,2.76,Normal,0.1743
2025-11-09 13:55:08,30.22,53.45,1.91,Normal,0.1489
2025-11-09 13:55:12,34.48,51.32,4.44,Anomaly,-0.0034
2025-11-09 13:55:10,30.83,56.53,2.76,Normal,0.1721
2025-11-09 13:55:14,33.48,51.6,4.12,Normal,0.0698
2025-11-09 13:55:12,34.48,51.32,4.44,Anomaly,-0.0195
2025-11-09 13:55:16,33.5,53.7,3.45,Normal,0.101
2025-11-09 13:55:14,33.48,51.6,4.12,Normal,0.0442
2025-11-09 13:55:18,31.53,55.57,2.68,Normal,0.1622
2025-11-09 13:55:16,33.5,53.7,3.45,Normal,0.0856
2025-11-09 13:55:20,32.18,57.74,2.23,Normal,0.1343
2025-11-09 13:55:18,31.53,55.57,2.68,Normal,0.1644
2025-11-09 13:55:22,30.94,56.13,2.31,Normal,0.1631
2025-11-09 13:55:20,32.18,57.74,2.23,Normal,0.1423
2025-11-09 13:55:24,31.9,58.02,1.98,Normal,0.1267
2025-11-09 13:55:22,30.94,56.13,2.31,Normal,0.1687
2025-11-09 13:55:26,31.16,54.75,2.64,Normal,0.1686
2025-11-09 13:55:24,31.9,58.02,1.98,Normal,0.1329
2025-11-09 13:55:28,31.01,53.88,2.84,Normal,0.1732
2025-11-09 13:55:26,31.16,54.75,2.64,Normal,0.1677
2025-11-09 13:55:28,31.01,53.88,2.84,Normal,0.1751
2025-11-09 13:55:30,30.68,53.14,3.25,Normal,0.177
2025-11-09 13:55:32,29.18,56.15,2.91,Normal,0.1768
2025-11-09 13:55:30,30.68,53.14,3.25,Normal,0.1687
2025-11-09 13:55:32,29.18,56.15,2.91,Normal,0.1753
2025-11-09 13:55:34,29.16,54.5,3.07,Normal,0.1811
2025-11-09 13:55:34,29.16,54.5,3.07,Normal,0.1763
2025-11-09 13:55:36,28.68,56.35,3.35,Normal,0.1658
2025-11-09 13:55:36,28.68,56.35,3.35,Normal,0.1658
2025-11-09 13:55:38,30.33,53.67,3.41,Normal,0.1694
2025-11-09 13:55:38,30.33,53.67,3.41,Normal,0.1701
2025-11-09 13:55:40,30.72,56.85,3.55,Normal,0.1694
2025-11-09 13:55:40,30.72,56.85,3.55,Normal,0.1675
2025-11-09 13:55:42,30.16,57.06,3.29,Normal,0.178
2025-11-09 13:55:42,30.16,57.06,3.29,Normal,0.1747
2025-11-09 13:55:44,29.89,57.6,3.17,Normal,0.177
2025-11-09 13:55:44,29.89,57.6,3.17,Normal,0.1751
2025-11-09 13:55:46,26.78,57.06,3.96,Normal,0.0889
2025-11-09 13:55:46,26.78,57.06,3.96,Normal,0.085
2025-11-09 13:55:48,23.31,56.44,5.17,Anomaly,-0.062
2025-11-09 13:55:48,23.31,56.44,5.17,Anomaly,-0.0714
2025-11-09 13:55:50,21.02,53.18,5.88,Anomaly,-0.108
2025-11-09 13:55:50,21.02,53.18,5.88,Anomaly,-0.1061
2025-11-09 13:55:52,25.24,53.44,5.09,Anomaly,-0.0051
2025-11-09 13:55:52,25.24,53.44,5.09,Anomaly,-0.0335
2025-11-09 13:55:54,28.05,53.32,4.3,Normal,0.1116
2025-11-09 13:55:54,28.05,53.32,4.3,Normal,0.1217
2025-11-09 13:55:56,30.38,57.6,4.04,Normal,0.1479
2025-11-09 13:55:56,30.38,57.6,4.04,Normal,0.1463
2025-11-09 13:55:58,26.08,63.57,4.64,Anomaly,-0.0218
2025-11-09 13:55:58,26.08,63.57,4.64,Anomaly,-0.0273
2025-11-09 13:56:00,26.3,61.03,3.95,Normal,0.0447
2025-11-09 13:56:00,26.3,61.03,3.95,Normal,0.0502
2025-11-09 13:56:02,26.2,59.05,3.68,Normal,0.0647
2025-11-09 13:56:02,26.2,59.05,3.68,Normal,0.081
2025-11-09 13:56:04,28.16,54.46,3.15,Normal,0.162
2025-11-09 13:56:04,28.16,54.46,3.15,Normal,0.1568
2025-11-09 13:56:06,28.59,52.59,3.66,Normal,0.1624
2025-11-09 13:56:06,28.59,52.59,3.66,Normal,0.1573
2025-11-09 13:56:08,29.19,53.64,3.25,Normal,0.1776
2025-11-09 13:56:08,29.19,53.64,3.25,Normal,0.1707
2025-11-09 13:56:10,29.06,53.98,3.31,Normal,0.1762
2025-11-09 13:56:10,29.06,53.98,3.31,Normal,0.1731
2025-11-09 13:56:12,30.41,54.48,2.8,Normal,0.1784
2025-11-09 13:56:12,30.41,54.48,2.8,Normal,0.1821
2025-11-09 13:56:14,31.96,54.76,2.5,Normal,0.1541
2025-11-09 13:56:14,31.96,54.76,2.5,Normal,0.1495
2025-11-09 13:56:16,31.61,57.2,2.19,Normal,0.1463
2025-11-09 13:56:16,31.61,57.2,2.19,Normal,0.1528
2025-11-09 13:56:18,32.54,57.76,2.67,Normal,0.1318
2025-11-09 13:56:18,32.54,57.76,2.67,Normal,0.1451
2025-11-09 13:56:20,30.75,55.06,3.02,Normal,0.1806
2025-11-09 13:56:20,30.75,55.06,3.02,Normal,0.1773
2025-11-09 13:56:22,29.8,54.08,3.18,Normal,0.1769
2025-11-09 13:56:22,29.8,54.08,3.18,Normal,0.1817
2025-11-09 13:56:24,28.98,53.73,3.13,Normal,0.176
2025-11-09 13:56:24,28.98,53.73,3.13,Normal,0.1752
2025-11-09 13:56:26,30.1,56.47,2.81,Normal,0.1795
2025-11-09 13:56:26,30.1,56.47,2.81,Normal,0.1789
2025-11-09 13:56:28,34.46,50.16,4.52,Anomaly,-0.0122
2025-11-09 13:56:28,34.46,50.16,4.52,Anomaly,-0.0214
2025-11-09 13:56:30,33.66,50.61,4.59,Normal,0.0344
2025-11-09 13:56:30,33.66,50.61,4.59,Normal,0.0037
2025-11-09 13:56:32,33.63,50.3,4.71,Normal,0.0199
2025-11-09 13:56:32,33.63,50.3,4.71,Anomaly,-0.0047
2025-11-09 13:56:34,30.39,54.81,3.09,Normal,0.1817
2025-11-09 13:56:34,30.39,54.81,3.09,Normal,0.179
2025-11-09 13:56:36,31.68,57.47,2.85,Normal,0.1615
2025-11-09 13:56:36,31.68,57.47,2.85,Normal,0.1615
2025-11-09 13:56:38,33.92,58.7,4.14,Normal,0.0305
2025-11-09 13:56:38,33.92,58.7,4.14,Normal,0.0464
2025-11-09 13:56:40,33.73,57.73,4.24,Normal,0.0426
2025-11-09 13:56:40,33.73,57.73,4.24,Normal,0.0592
2025-11-09 13:56:42,33.29,56.41,4.66,Normal,0.0378
2025-11-09 13:56:42,33.29,56.41,4.66,Normal,0.0443
2025-11-09 13:56:44,32.56,56.33,3.25,Normal,0.1428
2025-11-09 13:56:44,32.56,56.33,3.25,Normal,0.1425
2025-11-09 13:56:46,32.99,52.96,3.44,Normal,0.1204
2025-11-09 13:56:46,32.99,52.96,3.44,Normal,0.1096
2025-11-09 13:56:48,32.14,52.33,3.44,Normal,0.15
2025-11-09 13:56:48,32.14,52.33,3.44,Normal,0.1321
2025-11-09 13:56:50,31.83,52.65,3.62,Normal,0.1553
2025-11-09 13:56:50,31.83,52.65,3.62,Normal,0.1374
2025-11-09 13:56:52,30.53,57.24,3.98,Normal,0.1506
2025-11-09 13:56:54,30.79,56.74,3.92,Normal,0.1492
2025-11-09 13:56:52,30.53,57.24,3.98,Normal,0.1511
2025-11-09 13:56:56,30.79,56.4,3.5,Normal,0.1689
2025-11-09 13:56:54,30.79,56.74,3.92,Normal,0.1541
2025-11-09 13:56:58,29.9,55.91,2.87,Normal,0.1792
2025-11-09 13:56:56,30.79,56.4,3.5,Normal,0.1673
2025-11-09 13:57:00,29.33,53.79,2.57,Normal,0.1728
2025-11-09 13:56:58,29.9,55.91,2.87,Normal,0.1768
2025-11-09 13:57:02,29.29,53.94,3.01,Normal,0.1841
2025-11-09 13:57:00,29.33,53.79,2.57,Normal,0.1771
2025-11-09 13:57:04,30.12,55.01,3.07,Normal,0.1821
2025-11-09 13:57:02,29.29,53.94,3.01,Normal,0.1776
2025-11-09 13:57:06,29.49,54.49,3.51,Normal,0.1732
2025-11-09 13:57:04,30.12,55.01,3.07,Normal,0.1799
2025-11-09 13:57:08,28.82,54.63,3.15,Normal,0.1774
2025-11-09 13:57:06,29.49,54.49,3.51,Normal,0.1774
2025-11-09 13:57:10,28.33,54.38,3.32,Normal,0.1643
2025-11-09 13:57:08,28.82,54.63,3.15,Normal,0.1712
2025-11-09 13:57:12,32.82,55.62,4.31,Normal,0.0841
2025-11-09 13:57:10,28.33,54.38,3.32,Normal,0.1607
2025-11-09 13:57:14,33.03,54.92,4.57,Normal,0.0624
2025-11-09 13:57:12,32.82,55.62,4.31,Normal,0.0983
2025-11-09 13:57:16,33.67,57.62,4.56,Normal,0.0349
2025-11-09 13:57:14,33.03,54.92,4.57,Normal,0.067
2025-11-09 13:57:18,31.17,53.58,4.1,Normal,0.1347
2025-11-09 13:57:16,33.67,57.62,4.56,Normal,0.0345
2025-11-09 13:57:20,31.2,53.45,3.6,Normal,0.1633
2025-11-09 13:57:18,31.17,53.58,4.1,Normal,0.1326
2025-11-09 13:57:22,30.29,49.89,4.17,Normal,0.1319
2025-11-09 13:57:20,31.2,53.45,3.6,Normal,0.1545
2025-11-09 13:57:24,31.08,51.98,3.31,Normal,0.168
2025-11-09 13:57:22,30.29,49.89,4.17,Normal,0.1159
2025-11-09 13:57:26,31.07,52.71,3.63,Normal,0.1657
2025-11-09 13:57:24,31.08,51.98,3.31,Normal,0.1502
2025-11-09 13:57:28,29.47,55.01,3.2,Normal,0.181
2025-11-09 13:57:26,31.07,52.71,3.63,Normal,0.1502
2025-11-09 13:57:30,28.68,55.91,3.13,Normal,0.1696
2025-11-09 13:57:28,29.47,55.01,3.2,Normal,0.1775
2025-11-09 13:57:32,28.63,52.5,3.19,Normal,0.1686
2025-11-09 13:57:30,28.68,55.91,3.13,Normal,0.1724
2025-11-09 13:57:34,30.74,53.56,3.48,Normal,0.1618
2025-11-09 13:57:32,28.63,52.5,3.19,Normal,0.1632
2025-11-09 13:57:36,32.96,53.99,3.32,Normal,0.1256
2025-11-09 13:57:34,30.74,53.56,3.48,Normal,0.1681
2025-11-09 13:57:38,33.31,55.27,2.6,Normal,0.1067
2025-11-09 13:57:36,32.96,53.99,3.32,Normal,0.1209
2025-11-09 13:57:40,31.9,54.07,2.59,Normal,0.1539
2025-11-09 13:57:38,33.31,55.27,2.6,Normal,0.1067
2025-11-09 13:57:42,30.81,53.68,2.17,Normal,0.1566
2025-11-09 13:57:40,31.9,54.07,2.59,Normal,0.1584
2025-11-09 13:57:44,31.11,53.62,2.47,Normal,0.1569
2025-11-09 13:57:42,30.81,53.68,2.17,Normal,0.1653
2025-11-09 13:57:46,31.27,52.98,2.36,Normal,0.1578
2025-11-09 13:57:44,31.11,53.62,2.47,Normal,0.1651
2025-11-09 13:57:48,31.1,50.52,2.75,Normal,0.1508
2025-11-09 13:57:46,31.27,52.98,2.36,Normal,0.1578
2025-11-09 13:57:50,29.81,51.06,2.58,Normal,0.1635
2025-11-09 13:57:48,31.1,50.52,2.75,Normal,0.1493
2025-11-09 13:57:52,29.9,53.07,2.59,Normal,0.177
2025-11-09 13:57:50,29.81,51.06,2.58,Normal,0.1583
2025-11-09 13:57:54,29.76,54.04,2.76,Normal,0.1783
2025-11-09 13:57:52,29.9,53.07,2.59,Normal,0.1772
2025-11-09 13:57:56,29.55,52.89,2.41,Normal,0.1696
2025-11-09 13:57:54,29.76,54.04,2.76,Normal,0.183
2025-11-09 13:57:58,32.54,52.87,4.23,Normal,0.0976
2025-11-09 13:57:56,29.55,52.89,2.41,Normal,0.168
2025-11-09 13:58:00,33.02,53.12,4.6,Normal,0.0636
2025-11-09 13:57:58,32.54,52.87,4.23,Normal,0.1026
2025-11-09 13:58:02,34.01,55.47,4.59,Normal,0.0088
2025-11-09 13:58:00,33.02,53.12,4.6,Normal,0.055
2025-11-09 13:58:04,33.07,55.94,3.61,Normal,0.114
2025-11-09 13:58:02,34.01,55.47,4.59,Normal,0.0274
2025-11-09 13:58:06,31.67,56.75,3.44,Normal,0.1601
2025-11-09 13:58:04,33.07,55.94,3.61,Normal,0.1097
2025-11-09 13:58:08,31.0,55.2,3.59,Normal,0.1649
2025-11-09 13:58:06,31.67,56.75,3.44,Normal,0.1496
2025-11-09 13:58:10,29.52,55.51,3.95,Normal,0.158
2025-11-09 13:58:08,31.0,55.2,3.59,Normal,0.1579
2025-11-09 13:58:12,34.64,56.51,4.38,Anomaly,-0.0097
2025-11-09 13:58:10,29.52,55.51,3.95,Normal,0.1557
2025-11-09 13:58:14,34.04,59.12,4.12,Normal,0.0237
2025-11-09 13:58:12,34.64,56.51,4.38,Anomaly,-0.0141
2025-11-09 13:58:16,34.03,56.5,4.02,Normal,0.0404
2025-11-09 13:58:14,34.04,59.12,4.12,Normal,0.0444
2025-11-09 13:58:18,31.48,57.92,4.26,Normal,0.117
2025-11-09 13:58:16,34.03,56.5,4.02,Normal,0.0583
2025-11-09 13:58:20,30.78,57.56,4.02,Normal,0.1457
2025-11-09 13:58:18,31.48,57.92,4.26,Normal,0.1202
2025-11-09 13:58:22,30.82,58.24,3.74,Normal,0.1474
2025-11-09 13:58:20,30.78,57.56,4.02,Normal,0.1477
2025-11-09 13:58:24,31.44,55.04,3.11,Normal,0.1726
2025-11-09 13:58:22,30.82,58.24,3.74,Normal,0.1537
2025-11-09 13:58:26,31.15,53.64,3.14,Normal,0.1686
2025-11-09 13:58:24,31.44,55.04,3.11,Normal,0.1648
2025-11-09 13:58:28,30.99,51.87,2.89,Normal,0.1693
2025-11-09 13:58:30,33.38,47.92,4.34,Normal,0.0252
2025-11-09 13:58:26,31.15,53.64,3.14,Normal,0.1686
2025-11-09 13:58:28,30.99,51.87,2.89,Normal,0.1587
2025-11-09 13:58:32,31.1,48.89,4.15,Normal,0.1055
2025-11-09 13:58:30,33.38,47.92,4.34,Anomaly,-0.0001
2025-11-09 13:58:34,31.66,51.85,4.35,Normal,0.11
2025-11-09 13:58:32,31.1,48.89,4.15,Normal,0.0905
2025-11-09 13:58:36,30.26,55.33,3.41,Normal,0.1741
2025-11-09 13:58:34,31.66,51.85,4.35,Normal,0.0994
2025-11-09 13:58:38,30.86,54.52,3.56,Normal,0.1675
2025-11-09 13:58:36,30.26,55.33,3.41,Normal,0.1708
2025-11-09 13:58:40,31.43,52.05,3.38,Normal,0.159
2025-11-09 13:58:38,30.86,54.52,3.56,Normal,0.1687
2025-11-09 13:58:42,31.62,50.39,3.3,Normal,0.148
2025-11-09 13:58:40,31.43,52.05,3.38,Normal,0.1464
2025-11-09 13:58:44,32.29,53.66,3.36,Normal,0.1396
2025-11-09 13:58:42,31.62,50.39,3.3,Normal,0.1304
2025-11-09 13:58:46,31.86,56.42,2.89,Normal,0.1622
2025-11-09 13:58:44,32.29,53.66,3.36,Normal,0.1435
2025-11-09 13:58:48,31.64,55.74,3.34,Normal,0.1604
2025-11-09 13:58:46,31.86,56.42,2.89,Normal,0.1563
2025-11-09 13:58:48,31.64,55.74,3.34,Normal,0.1543
2025-11-09 13:58:50,31.51,54.04,2.96,Normal,0.1679
2025-11-09 13:58:52,35.82,56.6,5.23,Anomaly,-0.0904
2025-11-09 13:58:50,31.51,54.04,2.96,Normal,0.1685
2025-11-09 13:58:52,35.82,56.6,5.23,Anomaly,-0.0699
2025-11-09 13:58:54,35.5,56.16,5.1,Anomaly,-0.0758
2025-11-09 13:58:56,34.13,57.28,5.2,Anomaly,-0.0391
2025-11-09 13:58:54,35.5,56.16,5.1,Anomaly,-0.0585
2025-11-09 13:58:58,31.78,56.17,3.56,Normal,0.1538
2025-11-09 13:58:56,34.13,57.28,5.2,Anomaly,-0.0265
2025-11-09 13:59:00,29.5,56.85,3.44,Normal,0.1733
2025-11-09 13:58:58,31.78,56.17,3.56,Normal,0.1465
2025-11-09 13:59:02,30.33,57.77,3.24,Normal,0.178
2025-11-09 13:59:00,29.5,56.85,3.44,Normal,0.1698
2025-11-09 13:59:04,30.5,57.02,2.81,Normal,0.1734
2025-11-09 13:59:02,30.33,57.77,3.24,Normal,0.1688
2025-11-09 13:59:06,31.62,56.83,2.53,Normal,0.1577
2025-11-09 13:59:04,30.5,57.02,2.81,Normal,0.1757
2025-11-09 13:59:08,31.58,59.65,2.6,Normal,0.1452
2025-11-09 13:59:06,31.62,56.83,2.53,Normal,0.1534
2025-11-09 13:59:10,31.71,59.13,3.16,Normal,0.1546
2025-11-09 13:59:08,31.58,59.65,2.6,Normal,0.1462
2025-11-09 13:59:12,30.94,59.05,2.75,Normal,0.1622
2025-11-09 13:59:10,31.71,59.13,3.16,Normal,0.1534
2025-11-09 13:59:14,29.95,54.6,2.51,Normal,0.1785
2025-11-09 13:59:12,30.94,59.05,2.75,Normal,0.1651
2025-11-09 13:59:16,28.36,58.37,1.58,Normal,0.1042
2025-11-09 13:59:14,29.95,54.6,2.51,Normal,0.1785
2025-11-09 13:59:18,29.08,59.47,2.35,Normal,0.1481
2025-11-09 13:59:16,28.36,58.37,1.58,Normal,0.1154
2025-11-09 13:59:20,28.91,62.0,2.88,Normal,0.1341
2025-11-09 13:59:18,29.08,59.47,2.35,Normal,0.1515
2025-11-09 13:59:22,29.59,58.75,3.08,Normal,0.1735
2025-11-09 13:59:20,28.91,62.0,2.88,Normal,0.1343
2025-11-09 13:59:25,33.32,61.36,4.12,Normal,0.0504
2025-11-09 13:59:22,29.59,58.75,3.08,Normal,0.1708
2025-11-09 13:59:27,33.42,59.14,3.36,Normal,0.0903
2025-11-09 13:59:25,33.32,61.36,4.12,Normal,0.0539
2025-11-09 13:59:29,33.61,61.2,3.19,Normal,0.0721
2025-11-09 13:59:27,33.42,59.14,3.36,Normal,0.0935
2025-11-09 13:59:31,31.19,57.31,2.58,Normal,0.1612
2025-11-09 13:59:29,33.61,61.2,3.19,Normal,0.0696
2025-11-09 13:59:33,30.89,59.4,2.1,Normal,0.1352
2025-11-09 13:59:31,31.19,57.31,2.58,Normal,0.1615
2025-11-09 13:59:35,30.23,60.19,2.12,Normal,0.141
2025-11-09 13:59:33,30.89,59.4,2.1,Normal,0.1469
2025-11-09 13:59:37,29.94,61.3,2.54,Normal,0.1443
2025-11-09 13:59:35,30.23,60.19,2.12,Normal,0.1365
2025-11-09 13:59:39,25.7,63.94,4.61,Anomaly,-0.029
2025-11-09 13:59:37,29.94,61.3,2.54,Normal,0.1376
2025-11-09 13:59:41,22.79,65.81,5.96,Anomaly,-0.1585
2025-11-09 13:59:39,25.7,63.94,4.61,Anomaly,-0.0364
2025-11-09 13:59:43,23.78,65.92,5.49,Anomaly,-0.1392
2025-11-09 13:59:41,22.79,65.81,5.96,Anomaly,-0.1385
2025-11-09 13:59:45,26.39,61.77,4.36,Normal,0.0231
2025-11-09 13:59:43,23.78,65.92,5.49,Anomaly,-0.1288
2025-11-09 13:59:47,29.81,57.76,3.14,Normal,0.1754
2025-11-09 13:59:45,26.39,61.77,4.36,Normal,0.0175
2025-11-09 13:59:49,31.29,55.1,3.14,Normal,0.1734
2025-11-09 13:59:47,29.81,57.76,3.14,Normal,0.1762
2025-11-09 13:59:51,29.06,58.89,4.59,Normal,0.1054
2025-11-09 13:59:49,31.29,55.1,3.14,Normal,0.1627
2025-11-09 13:59:53,29.52,58.96,4.3,Normal,0.1352
2025-11-09 13:59:51,29.06,58.89,4.59,Normal,0.0996
2025-11-09 13:59:55,29.12,58.54,3.53,Normal,0.1563
2025-11-09 13:59:53,29.52,58.96,4.3,Normal,0.1304
2025-11-09 13:59:57,31.17,57.75,2.96,Normal,0.1675
2025-11-09 13:59:55,29.12,58.54,3.53,Normal,0.155
2025-11-09 13:59:57,31.17,57.75,2.96,Normal,0.1643
2025-11-09 13:59:59,30.42,55.99,3.22,Normal,0.18
2025-11-09 13:59:59,30.42,55.99,3.22,Normal,0.1726
2025-11-09 14:00:01,29.73,55.54,3.35,Normal,0.1737
2025-11-09 14:00:01,29.73,55.54,3.35,Normal,0.1759
2025-11-09 14:00:03,30.38,53.81,2.83,Normal,0.1789
2025-11-09 14:00:03,30.38,53.81,2.83,Normal,0.1821
2025-11-09 14:00:05,30.31,53.92,2.91,Normal,0.1826
2025-11-09 14:00:07,30.51,54.7,2.75,Normal,0.1775

2025-11-09 14:00:07,30.51,54.7,2.75,Normal,0.1779
2025-11-09 14:00:09,29.75,55.57,2.75,Normal,0.1773
2025-11-09 14:00:09,29.75,55.57,2.75,Normal,0.1833
2025-11-09 14:00:11,30.08,55.86,3.07,Normal,0.1813
2025-11-09 14:00:11,30.08,55.86,3.07,Normal,0.1807
2025-11-09 14:00:13,30.38,57.79,3.32,Normal,0.1745
2025-11-09 14:00:13,30.38,57.79,3.32,Normal,0.1682
2025-11-09 14:00:15,29.66,55.45,3.56,Normal,0.1725
2025-11-09 14:00:15,29.66,55.45,3.56,Normal,0.1738
2025-11-09 14:00:17,29.94,54.54,2.42,Normal,0.175
2025-11-09 14:00:17,29.94,54.54,2.42,Normal,0.1757
2025-11-09 14:00:19,30.28,53.17,2.17,Normal,0.1635
2025-11-09 14:00:19,30.28,53.17,2.17,Normal,0.1626
2025-11-09 14:00:21,30.11,50.82,1.98,Normal,0.1441
2025-11-09 14:00:21,30.11,50.82,1.98,Normal,0.1391
2025-11-09 14:00:23,30.31,50.78,2.22,Normal,0.1515
2025-11-09 14:00:23,30.31,50.78,2.22,Normal,0.1441
2025-11-09 14:00:25,29.37,51.4,2.88,Normal,0.1728
2025-11-09 14:00:25,29.37,51.4,2.88,Normal,0.1585
2025-11-09 14:00:27,24.93,56.37,4.77,Anomaly,-0.0023
2025-11-09 14:00:27,24.93,56.37,4.77,Anomaly,-0.0448
2025-11-09 14:00:29,25.39,56.62,4.44,Normal,0.0219
2025-11-09 14:00:29,25.39,56.62,4.44,Normal,0.0015
2025-11-09 14:00:31,26.53,54.93,4.42,Normal,0.0626
2025-11-09 14:00:31,26.53,54.93,4.42,Normal,0.0613
2025-11-09 14:00:33,30.23,51.57,3.68,Normal,0.1534
2025-11-09 14:00:33,30.23,51.57,3.68,Normal,0.1623
2025-11-09 14:00:35,29.74,51.46,3.95,Normal,0.1371
2025-11-09 14:00:35,29.74,51.46,3.95,Normal,0.153
2025-11-09 14:00:37,29.45,52.16,3.5,Normal,0.1682
2025-11-09 14:00:37,29.45,52.16,3.5,Normal,0.1686
2025-11-09 14:00:39,28.92,55.15,3.54,Normal,0.1713
2025-11-09 14:00:39,28.92,55.15,3.54,Normal,0.1681
2025-11-09 14:00:41,33.46,61.19,4.9,Anomaly,-0.0048
2025-11-09 14:00:41,33.46,61.19,4.9,Anomaly,-0.0029
2025-11-09 14:00:43,33.8,60.87,4.49,Normal,0.0144
2025-11-09 14:00:43,33.8,60.87,4.49,Normal,0.0106
2025-11-09 14:00:45,31.79,58.59,5.49,Normal,0.0144
2025-11-09 14:00:45,31.79,58.59,5.49,Anomaly,-0.0064
2025-11-09 14:00:47,28.91,55.68,3.81,Normal,0.1537
2025-11-09 14:00:47,28.91,55.68,3.81,Normal,0.1601
2025-11-09 14:00:49,27.64,58.36,3.65,Normal,0.1237
2025-11-09 14:00:49,27.64,58.36,3.65,Normal,0.1217
2025-11-09 14:00:51,28.76,59.88,2.43,Normal,0.1378
2025-11-09 14:00:51,28.76,59.88,2.43,Normal,0.1481
2025-11-09 14:00:53,29.37,62.46,2.3,Normal,0.105
2025-11-09 14:00:53,29.37,62.46,2.3,Normal,0.1154
2025-11-09 14:00:55,30.21,62.93,2.34,Normal,0.1111
2025-11-09 14:00:55,30.21,62.93,2.34,Normal,0.1103
2025-11-09 14:00:57,30.41,61.51,2.17,Normal,0.1246
2025-11-09 14:00:57,30.41,61.51,2.17,Normal,0.1209
2025-11-09 14:00:59,30.22,60.39,2.24,Normal,0.1499
2025-11-09 14:00:59,30.22,60.39,2.24,Normal,0.1439
2025-11-09 14:01:01,30.91,57.25,2.29,Normal,0.1568
2025-11-09 14:01:01,30.91,57.25,2.29,Normal,0.1702
2025-11-09 14:01:03,31.36,55.15,2.5,Normal,0.1637
2025-11-09 14:01:03,31.36,55.15,2.5,Normal,0.1597
2025-11-09 14:01:05,31.39,54.36,2.98,Normal,0.1705
2025-11-09 14:01:05,31.39,54.36,2.98,Normal,0.1708
2025-11-09 14:01:07,31.25,53.95,3.02,Normal,0.1723
2025-11-09 14:01:07,31.25,53.95,3.02,Normal,0.1727
2025-11-09 14:01:09,29.91,54.59,3.2,Normal,0.1827
2025-11-09 14:01:09,29.91,54.59,3.2,Normal,0.1776
2025-11-09 14:01:11,30.02,58.18,3.08,Normal,0.1738
2025-11-09 14:01:11,30.02,58.18,3.08,Normal,0.1743
2025-11-09 14:01:13,28.82,57.29,2.84,Normal,0.172
2025-11-09 14:01:13,28.82,57.29,2.84,Normal,0.1666
2025-11-09 14:01:15,29.53,56.26,2.85,Normal,0.1762
2025-11-09 14:01:15,29.53,56.26,2.85,Normal,0.1771
2025-11-09 14:01:17,30.02,52.1,2.53,Normal,0.1702
2025-11-09 14:01:17,30.02,52.1,2.53,Normal,0.1712
2025-11-09 14:01:19,30.21,54.18,2.42,Normal,0.1723
2025-11-09 14:01:19,30.21,54.18,2.42,Normal,0.169
2025-11-09 14:01:21,30.6,52.87,2.37,Normal,0.1666
2025-11-09 14:01:21,30.6,52.87,2.37,Normal,0.1661
2025-11-09 14:01:23,31.14,54.09,2.68,Normal,0.1724
2025-11-09 14:01:23,31.14,54.09,2.68,Normal,0.1644
2025-11-09 14:01:25,30.72,53.25,2.87,Normal,0.1726
2025-11-09 14:01:25,30.72,53.25,2.87,Normal,0.1768
2025-11-09 14:01:27,30.91,55.81,3.17,Normal,0.1705
2025-11-09 14:01:27,30.91,55.81,3.17,Normal,0.1776
2025-11-09 14:01:29,30.11,55.89,2.75,Normal,0.18
2025-11-09 14:01:29,30.11,55.89,2.75,Normal,0.1794
2025-11-09 14:01:31,30.44,58.85,2.94,Normal,0.1701
2025-11-09 14:01:31,30.44,58.85,2.94,Normal,0.1702
2025-11-09 14:01:33,30.43,55.08,3.04,Normal,0.1749
2025-11-09 14:01:33,30.43,55.08,3.04,Normal,0.1823
2025-11-09 14:01:35,26.71,50.49,4.32,Normal,0.0409
2025-11-09 14:01:35,26.71,50.49,4.32,Normal,0.0635
2025-11-09 14:01:37,26.53,49.81,4.5,Normal,0.0244
2025-11-09 14:01:37,26.53,49.81,4.5,Normal,0.041
2025-11-09 14:01:39,26.34,54.86,4.6,Normal,0.0388
2025-11-09 14:01:39,26.34,54.86,4.6,Normal,0.0478
2025-11-09 14:01:41,29.04,58.29,3.58,Normal,0.1513
2025-11-09 14:01:41,29.04,58.29,3.58,Normal,0.1591
2025-11-09 14:01:43,30.67,58.5,3.63,Normal,0.1565
2025-11-09 14:01:43,30.67,58.5,3.63,Normal,0.1611
2025-11-09 14:01:45,33.67,52.52,4.68,Normal,0.0183
2025-11-09 14:01:45,33.67,52.52,4.68,Normal,0.0319
2025-11-09 14:01:47,32.88,52.79,4.83,Normal,0.0421
2025-11-09 14:01:47,32.88,52.79,4.83,Normal,0.055
2025-11-09 14:01:49,31.99,51.89,4.21,Normal,0.1041
2025-11-09 14:01:49,31.99,51.89,4.21,Normal,0.1139
2025-11-09 14:01:51,27.29,50.64,4.65,Normal,0.0324
2025-11-09 14:01:51,27.29,50.64,4.65,Normal,0.0633
2025-11-09 14:01:53,27.34,51.26,3.57,Normal,0.1168
2025-11-09 14:01:53,27.34,51.26,3.57,Normal,0.1215
2025-11-09 14:01:55,27.38,52.54,3.57,Normal,0.135
2025-11-09 14:01:55,27.38,52.54,3.57,Normal,0.1302
2025-11-09 14:01:57,28.73,53.65,3.17,Normal,0.1692
2025-11-09 14:01:57,28.73,53.65,3.17,Normal,0.1679
2025-11-09 14:01:59,28.88,54.83,3.56,Normal,0.1695
2025-11-09 14:01:59,28.88,54.83,3.56,Normal,0.1659
2025-11-09 14:02:01,29.05,55.61,3.45,Normal,0.1694
2025-11-09 14:02:01,29.05,55.61,3.45,Normal,0.1727
2025-11-09 14:02:03,29.38,55.23,2.98,Normal,0.1783
2025-11-09 14:02:03,29.38,55.23,2.98,Normal,0.183
2025-11-09 14:02:05,26.72,56.34,3.63,Normal,0.1006
2025-11-09 14:02:05,26.72,56.34,3.63,Normal,0.1046
2025-11-09 14:02:07,27.92,52.73,4.01,Normal,0.126
2025-11-09 14:02:07,27.92,52.73,4.01,Normal,0.1294
2025-11-09 14:02:09,29.09,52.55,4.52,Normal,0.1215
2025-11-09 14:02:09,29.09,52.55,4.52,Normal,0.1193
2025-11-09 14:02:11,31.67,53.74,3.3,Normal,0.1608
2025-11-09 14:02:11,31.67,53.74,3.3,Normal,0.1601
2025-11-09 14:02:13,30.78,57.0,3.4,Normal,0.1665
2025-11-09 14:02:13,30.78,57.0,3.4,Normal,0.1687
2025-11-09 14:02:15,30.6,57.68,2.88,Normal,0.1727
2025-11-09 14:02:17,29.63,56.65,3.15,Normal,0.1758
2025-11-09 14:02:15,30.6,57.68,2.88,Normal,0.1734
2025-11-09 14:02:19,29.7,54.47,2.29,Normal,0.1716
2025-11-09 14:02:17,29.63,56.65,3.15,Normal,0.1792
2025-11-09 14:02:21,29.17,54.72,2.89,Normal,0.1722
2025-11-09 14:02:19,29.7,54.47,2.29,Normal,0.1708
2025-11-09 14:02:23,29.61,56.0,2.41,Normal,0.1754
2025-11-09 14:02:21,29.17,54.72,2.89,Normal,0.1811
2025-11-09 14:02:25,28.87,52.96,2.92,Normal,0.1709
2025-11-09 14:02:23,29.61,56.0,2.41,Normal,0.1704
2025-11-09 14:02:27,29.38,49.39,2.43,Normal,0.1399
2025-11-09 14:02:25,28.87,52.96,2.92,Normal,0.1776
2025-11-09 14:02:29,30.27,51.37,2.55,Normal,0.1567
2025-11-09 14:02:27,29.38,49.39,2.43,Normal,0.1473
2025-11-09 14:02:31,30.81,54.55,2.31,Normal,0.1753
2025-11-09 14:02:29,30.27,51.37,2.55,Normal,0.1663
2025-11-09 14:02:33,30.39,55.39,2.26,Normal,0.1732
2025-11-09 14:02:31,30.81,54.55,2.31,Normal,0.1648
2025-11-09 14:02:35,30.33,59.02,2.87,Normal,0.1657
2025-11-09 14:02:33,30.39,55.39,2.26,Normal,0.1699
2025-11-09 14:02:37,30.75,57.68,2.65,Normal,0.1717
2025-11-09 14:02:35,30.33,59.02,2.87,Normal,0.1747
2025-11-09 14:02:39,31.24,61.49,2.97,Normal,0.1364
2025-11-09 14:02:37,30.75,57.68,2.65,Normal,0.1662
2025-11-09 14:02:41,30.23,58.66,2.43,Normal,0.1607
2025-11-09 14:02:39,31.24,61.49,2.97,Normal,0.1374
2025-11-09 14:02:41,30.23,58.66,2.43,Normal,0.1614
2025-11-09 14:02:43,30.39,58.52,3.32,Normal,0.1713
2025-11-09 14:02:45,30.11,57.3,3.98,Normal,0.1542
2025-11-09 14:02:47,30.24,54.27,4.52,Normal,0.1223
2025-11-09 14:02:49,31.39,54.3,3.93,Normal,0.1432
2025-11-09 14:02:51,31.33,53.13,3.44,Normal,0.1645
2025-11-09 14:02:53,28.74,54.95,4.07,Normal,0.141
2025-11-09 14:02:55,28.72,56.32,3.77,Normal,0.1481
2025-11-09 14:02:57,29.54,53.84,3.53,Normal,0.172
2025-11-09 14:02:59,30.84,53.7,2.87,Normal,0.174
2025-11-09 14:03:01,29.83,52.59,2.85,Normal,0.1774
2025-11-09 14:03:03,29.62,53.5,3.1,Normal,0.1795
2025-11-09 14:03:05,30.32,53.87,3.27,Normal,0.1814
2025-11-09 14:03:07,29.82,52.14,3.27,Normal,0.1768
2025-11-09 14:03:09,31.14,53.0,3.27,Normal,0.1717
2025-11-09 14:03:11,31.37,54.39,3.77,Normal,0.153
2025-11-09 14:03:13,31.94,55.36,4.43,Normal,0.0998
2025-11-09 14:03:15,31.03,56.86,4.13,Normal,0.1403
2025-11-09 14:03:17,29.91,58.66,3.37,Normal,0.1676
2025-11-09 14:03:19,29.08,59.3,2.75,Normal,0.1613
2025-11-09 14:03:21,33.69,60.36,4.19,Normal,0.0498
2025-11-09 14:03:23,32.55,59.77,4.24,Normal,0.0852
2025-11-09 14:03:25,32.71,57.32,3.73,Normal,0.1197
2025-11-09 14:03:27,30.44,56.71,3.19,Normal,0.1771
2025-11-09 14:03:29,30.42,55.68,2.79,Normal,0.1765
2025-11-09 14:03:31,30.75,56.1,3.0,Normal,0.1787
2025-11-09 14:03:33,29.1,53.95,2.81,Normal,0.1767
2025-11-09 14:03:35,29.82,56.58,3.19,Normal,0.1787
2025-11-09 14:03:37,29.56,56.58,3.85,Normal,0.162
2025-11-09 14:03:39,29.15,58.14,4.02,Normal,0.1416
2025-11-09 14:03:41,28.79,57.09,3.83,Normal,0.1472
2025-11-09 14:03:43,29.08,58.24,3.81,Normal,0.1475
2025-11-09 14:03:45,30.32,59.43,3.42,Normal,0.1647
2025-11-09 14:03:47,33.41,63.84,4.41,Anomaly,-0.0084
2025-11-09 14:03:49,32.7,63.69,3.76,Normal,0.0571
2025-11-09 14:03:51,31.98,60.61,3.93,Normal,0.1168
2025-11-09 14:03:53,29.82,56.33,3.34,Normal,0.1746
2025-11-09 14:03:55,29.66,54.15,3.08,Normal,0.1805
2025-11-09 14:03:57,30.86,53.57,2.74,Normal,0.1689
2025-11-09 14:03:59,32.2,50.98,2.72,Normal,0.1336
2025-11-09 14:04:01,32.56,51.23,3.0,Normal,0.1371
2025-11-09 14:04:03,31.03,51.66,3.21,Normal,0.1686
2025-11-09 14:04:05,29.58,55.0,3.15,Normal,0.184
2025-11-09 14:04:07,28.27,56.56,2.82,Normal,0.1578
2025-11-09 14:04:09,29.54,57.28,2.4,Normal,0.1654
2025-11-09 14:04:11,30.01,58.72,2.29,Normal,0.1581
2025-11-09 14:04:13,33.2,55.99,3.96,Normal,0.0915
2025-11-09 14:04:15,36.66,61.9,4.93,Anomaly,-0.0928
2025-11-09 14:04:17,35.64,61.52,4.32,Anomaly,-0.0562
2025-11-09 14:04:19,32.88,60.8,3.42,Normal,0.1127
2025-11-09 14:04:21,29.9,56.06,3.41,Normal,0.1723
2025-11-09 14:04:23,30.69,54.47,3.7,Normal,0.1617
2025-11-09 14:04:25,29.83,56.37,3.64,Normal,0.1672
2025-11-09 14:04:27,30.32,56.36,3.54,Normal,0.1721
2025-11-09 14:04:29,29.55,57.3,4.11,Normal,0.1495
2025-11-09 14:04:31,27.63,61.71,4.64,Normal,0.0339
2025-11-09 14:04:33,28.4,61.46,4.61,Normal,0.0622
2025-11-09 14:04:35,29.44,63.43,4.39,Normal,0.0797
2025-11-09 14:04:37,31.2,57.77,4.28,Normal,0.1221
2025-11-09 14:04:39,31.65,57.19,4.08,Normal,0.1314
2025-11-09 14:04:41,31.16,57.55,3.57,Normal,0.162
2025-11-09 14:04:43,35.71,61.97,4.15,Anomaly,-0.0497
2025-11-09 14:04:45,33.95,63.28,3.77,Normal,0.0087
2025-11-09 14:04:47,33.61,58.22,3.42,Normal,0.0824
2025-11-09 14:04:49,30.94,54.52,2.62,Normal,0.1712
2025-11-09 14:04:51,31.41,54.51,2.37,Normal,0.1579
2025-11-09 14:04:53,32.39,55.79,3.0,Normal,0.1544
2025-11-09 14:04:55,31.92,56.1,3.17,Normal,0.1603
2025-11-09 14:04:57,31.68,54.06,3.4,Normal,0.1547
2025-11-09 14:04:59,30.19,52.31,3.0,Normal,0.1778
2025-11-09 14:05:01,30.43,50.98,2.95,Normal,0.1719
2025-11-09 14:05:03,29.29,53.43,2.87,Normal,0.1811
2025-11-09 14:05:05,33.32,53.85,4.13,Normal,0.0767
2025-11-09 14:05:07,33.23,52.9,4.1,Normal,0.0816
2025-11-09 14:05:09,33.58,54.26,3.57,Normal,0.0919
2025-11-09 14:05:11,31.74,56.76,3.12,Normal,0.1637
2025-11-09 14:05:13,31.3,57.04,3.23,Normal,0.1704
2025-11-09 14:05:15,30.37,56.38,3.19,Normal,0.1807
2025-11-09 14:05:17,29.47,56.33,3.15,Normal,0.1778
2025-11-09 14:05:19,28.45,59.09,2.93,Normal,0.1526
2025-11-09 14:05:21,28.33,55.69,3.55,Normal,0.1549
2025-11-09 14:05:23,28.27,58.18,3.33,Normal,0.1497
2025-11-09 14:05:25,28.75,54.02,3.22,Normal,0.1712
2025-11-09 14:05:27,30.47,52.98,3.49,Normal,0.1677
2025-11-09 14:05:29,31.01,50.67,3.39,Normal,0.1532
2025-11-09 14:05:31,31.46,52.8,2.69,Normal,0.1585
2025-11-09 14:05:33,31.38,54.15,2.59,Normal,0.1626
2025-11-09 14:05:35,31.04,54.33,2.32,Normal,0.1619
2025-11-09 14:05:37,30.75,55.33,2.49,Normal,0.1677
2025-11-09 14:05:39,26.62,58.49,3.72,Normal,0.0843
2025-11-09 14:05:41,27.49,56.93,3.33,Normal,0.1378
2025-11-09 14:05:43,27.6,59.15,3.3,Normal,0.1318
2025-11-09 14:05:45,29.67,56.74,2.84,Normal,0.1761
2025-11-09 14:05:47,30.32,57.8,3.2,Normal,0.1786
2025-11-09 14:05:49,30.45,54.61,3.11,Normal,0.1823
2025-11-09 14:05:51,29.73,51.13,2.86,Normal,0.1688
2025-11-09 14:05:53,29.52,51.28,2.94,Normal,0.1779
2025-11-09 14:05:55,29.74,50.66,2.55,Normal,0.1534
2025-11-09 14:05:57,31.28,54.2,2.61,Normal,0.1658
2025-11-09 14:05:59,31.38,54.64,2.26,Normal,0.1593
2025-11-09 14:06:01,33.55,56.53,4.4,Normal,0.0505
2025-11-09 14:06:03,32.71,57.08,4.18,Normal,0.1002
2025-11-09 14:06:05,31.89,57.9,4.57,Normal,0.0878
2025-11-09 14:06:07,31.27,58.52,3.62,Normal,0.1526
2025-11-09 14:06:09,30.39,56.93,3.76,Normal,0.1605
2025-11-09 14:06:11,29.55,56.79,3.39,Normal,0.1734
2025-11-09 14:06:13,28.36,56.6,2.92,Normal,0.1597
2025-11-09 14:06:15,32.89,61.8,4.56,Normal,0.0282
2025-11-09 14:06:17,33.15,60.03,4.05,Normal,0.0729
2025-11-09 14:06:19,32.45,56.74,4.33,Normal,0.0962
2025-11-09 14:06:21,31.31,52.61,3.51,Normal,0.1633
2025-11-09 14:06:23,30.37,52.33,3.64,Normal,0.1678
2025-11-09 14:06:25,31.93,55.57,3.82,Normal,0.1432
2025-11-09 14:06:27,31.38,58.08,3.57,Normal,0.1532
2025-11-09 14:06:29,30.93,57.47,3.06,Normal,0.1735
2025-11-09 14:06:31,30.34,54.82,2.94,Normal,0.1835
2025-11-09 14:06:33,30.18,51.19,2.8,Normal,0.1682
2025-11-09 14:06:35,30.75,50.38,2.62,Normal,0.1532
2025-11-09 14:06:37,30.38,49.7,2.31,Normal,0.144
2025-11-09 14:06:39,31.82,51.44,2.87,Normal,0.15
2025-11-09 14:06:41,31.63,50.65,3.76,Normal,0.1335
2025-11-09 14:06:43,31.66,50.56,3.87,Normal,0.1282
2025-11-09 14:06:45,30.21,52.37,3.88,Normal,0.1577
2025-11-09 14:06:47,30.17,53.42,3.55,Normal,0.1668
2025-11-09 14:06:49,26.81,56.02,4.91,Normal,0.0456
2025-11-09 14:06:51,24.32,51.1,5.47,Anomaly,-0.077
2025-11-09 14:06:53,24.43,52.78,4.93,Anomaly,-0.0315
2025-11-09 14:06:55,27.07,55.18,4.19,Normal,0.0988
2025-11-09 14:06:57,28.71,57.14,3.93,Normal,0.1438
2025-11-09 14:06:59,29.25,59.44,3.97,Normal,0.14
2025-11-09 14:07:01,28.63,57.47,3.38,Normal,0.1592
2025-11-09 14:07:03,29.03,58.77,3.19,Normal,0.1661
2025-11-09 14:07:05,29.38,56.79,3.14,Normal,0.178
2025-11-09 14:07:07,28.57,55.42,3.47,Normal,0.1605
2025-11-09 14:07:09,27.54,53.5,3.19,Normal,0.1435
2025-11-09 14:07:11,28.35,52.82,3.29,Normal,0.1658
2025-11-09 14:07:13,29.26,50.64,2.82,Normal,0.1626
2025-11-09 14:07:15,30.31,51.8,2.51,Normal,0.1665
2025-11-09 14:07:17,29.19,52.84,2.19,Normal,0.1644
2025-11-09 14:07:19,29.18,55.24,2.57,Normal,0.1752
2025-11-09 14:07:21,29.51,57.67,3.08,Normal,0.1746
2025-11-09 14:07:23,30.44,57.4,3.68,Normal,0.1646
2025-11-09 14:07:25,30.68,57.8,3.65,Normal,0.1606
2025-11-09 14:07:27,30.57,54.88,3.51,Normal,0.1665
2025-11-09 14:07:29,30.53,53.59,2.89,Normal,0.1733
2025-11-09 14:07:31,30.85,54.8,2.86,Normal,0.1775
2025-11-09 14:07:33,29.45,54.07,3.18,Normal,0.1785
2025-11-09 14:07:35,29.02,55.17,3.29,Normal,0.1784
2025-11-09 14:07:37,27.93,57.22,3.45,Normal,0.1399
2025-11-09 14:07:39,27.54,58.1,3.09,Normal,0.1334
2025-11-09 14:07:41,27.63,56.41,3.35,Normal,0.1387
2025-11-09 14:07:43,27.76,54.82,3.37,Normal,0.1448
2025-11-09 14:07:45,29.36,55.27,3.49,Normal,0.1757
2025-11-09 14:07:47,30.35,54.56,3.64,Normal,0.1686
2025-11-09 14:07:49,30.47,54.81,3.15,Normal,0.1785
2025-11-09 14:07:51,31.57,54.61,3.04,Normal,0.1679
2025-11-09 14:07:53,31.17,53.53,3.09,Normal,0.1712
2025-11-09 14:07:55,29.3,53.45,2.95,Normal,0.1819
2025-11-09 14:07:57,28.52,52.98,3.16,Normal,0.1707
2025-11-09 14:07:59,28.8,57.77,2.84,Normal,0.1613
2025-11-09 14:08:02,29.6,58.52,2.75,Normal,0.169
2025-11-09 14:08:04,29.55,58.95,3.43,Normal,0.1664
2025-11-09 14:08:06,29.42,56.11,3.12,Normal,0.1787
2025-11-09 14:08:08,29.64,55.56,2.86,Normal,0.1809
2025-11-09 14:08:10,29.33,56.28,2.6,Normal,0.1738
2025-11-09 14:08:12,29.1,54.36,2.35,Normal,0.1675
2025-11-09 14:08:14,34.64,55.67,3.43,Normal,0.0229
2025-11-09 14:08:16,33.99,54.74,3.2,Normal,0.0703
2025-11-09 14:08:18,34.6,56.05,2.83,Normal,0.0356
2025-11-09 14:08:20,32.06,59.19,2.19,Normal,0.1286
2025-11-09 14:08:22,36.64,59.1,4.05,Anomaly,-0.044
2025-11-09 14:08:24,35.56,57.98,3.87,Anomaly,-0.0246
2025-11-09 14:08:27,35.43,57.17,3.81,Anomaly,-0.018
2025-11-09 14:08:29,30.93,55.35,2.23,Normal,0.1587
2025-11-09 14:08:31,30.06,56.26,2.65,Normal,0.1754
2025-11-09 14:08:33,29.13,53.64,2.63,Normal,0.1699
2025-11-09 14:08:35,30.87,53.4,2.99,Normal,0.1752
2025-11-09 14:08:37,31.97,51.98,3.1,Normal,0.1509
2025-11-09 14:08:39,32.64,48.56,3.57,Normal,0.0997
2025-11-09 14:08:41,30.88,50.65,3.99,Normal,0.1341
2025-11-09 14:08:43,29.39,52.44,3.78,Normal,0.1634
2025-11-09 14:08:45,28.63,56.12,2.92,Normal,0.1665
2025-11-09 14:08:47,25.68,53.82,4.27,Normal,0.0505
2025-11-09 14:08:49,27.43,57.29,4.63,Normal,0.0743
2025-11-09 14:08:51,27.18,58.41,4.9,Normal,0.0414
2025-11-09 14:08:53,29.38,58.94,3.66,Normal,0.1628
2025-11-09 14:08:55,28.69,54.04,3.55,Normal,0.1609
2025-11-09 14:08:57,28.95,54.66,3.1,Normal,0.179
2025-11-09 14:08:59,29.56,53.59,3.22,Normal,0.1792
2025-11-09 14:09:01,30.48,53.48,3.33,Normal,0.1726
2025-11-09 14:09:03,30.16,52.52,3.41,Normal,0.1732
2025-11-09 14:09:05,29.86,55.28,3.63,Normal,0.1685
2025-11-09 14:09:07,28.97,54.44,3.85,Normal,0.1551
2025-11-09 14:09:09,29.39,55.57,3.91,Normal,0.1587
2025-11-09 14:09:11,28.49,51.39,4.16,Normal,0.1315
2025-11-09 14:09:13,28.88,56.15,3.97,Normal,0.1468
2025-11-09 14:09:15,28.18,54.24,3.17,Normal,0.159
2025-11-09 14:09:17,29.84,55.91,3.04,Normal,0.1802
2025-11-09 14:09:19,30.05,54.04,3.05,Normal,0.1809
2025-11-09 14:09:21,29.53,54.07,3.1,Normal,0.1818
2025-11-09 14:09:23,29.13,54.3,2.97,Normal,0.1795
2025-11-09 14:09:25,28.85,53.33,2.89,Normal,0.1767
2025-11-09 14:09:27,30.24,54.2,3.2,Normal,0.1779
2025-11-09 14:09:29,30.06,52.34,2.99,Normal,0.1781
2025-11-09 14:09:31,30.63,54.13,3.3,Normal,0.1746
2025-11-09 14:09:33,31.47,55.59,2.91,Normal,0.1705
2025-11-09 14:09:35,30.43,54.33,3.1,Normal,0.18
2025-11-09 14:09:37,29.9,55.38,2.83,Normal,0.1797
2025-11-09 14:09:39,28.59,53.63,2.9,Normal,0.1677
2025-11-09 14:09:41,29.21,53.24,2.48,Normal,0.1673
2025-11-09 14:09:43,28.08,51.82,3.21,Normal,0.1505
2025-11-09 14:09:45,28.95,52.7,3.11,Normal,0.1806
2025-11-09 14:09:47,29.6,51.39,3.47,Normal,0.1702
2025-11-09 14:09:49,30.0,53.85,3.5,Normal,0.1657
2025-11-09 14:09:51,29.47,53.45,3.55,Normal,0.1703
2025-11-09 14:09:53,29.28,54.63,3.81,Normal,0.1663
2025-11-09 14:09:55,29.4,55.05,3.43,Normal,0.1783
2025-11-09 14:09:57,28.94,55.27,3.17,Normal,0.1777
2025-11-09 14:09:59,28.35,57.11,2.7,Normal,0.1545
2025-11-09 14:10:01,33.47,57.27,4.1,Normal,0.0732
2025-11-09 14:10:03,33.78,56.28,3.43,Normal,0.0841
2025-11-09 14:10:05,33.65,55.16,3.84,Normal,0.0799
2025-11-09 14:10:07,31.49,52.49,2.83,Normal,0.165
2025-11-09 14:10:09,30.13,55.02,2.72,Normal,0.1797
2025-11-09 14:10:11,29.72,55.05,2.27,Normal,0.1684
2025-11-09 14:10:13,29.94,55.95,2.34,Normal,0.1733
2025-11-09 14:10:15,28.25,53.06,3.9,Normal,0.1428
2025-11-09 14:10:17,31.94,48.88,5.14,Normal,0.0156
2025-11-09 14:10:19,30.76,49.41,4.92,Normal,0.0644
2025-11-09 14:10:21,32.01,50.85,4.45,Normal,0.091
2025-11-09 14:10:23,29.9,52.59,2.87,Normal,0.1783
2025-11-09 14:10:25,30.58,51.17,2.89,Normal,0.1658
2025-11-09 14:10:27,30.21,51.71,2.45,Normal,0.1672
2025-11-09 14:10:29,31.21,52.71,2.63,Normal,0.1659
2025-11-09 14:10:31,31.4,53.61,2.59,Normal,0.1583
2025-11-09 14:10:33,32.26,54.47,3.28,Normal,0.1514
2025-11-09 14:10:35,30.42,54.62,3.7,Normal,0.1635
2025-11-09 14:10:37,29.18,55.53,3.67,Normal,0.167
2025-11-09 14:10:39,28.69,53.6,3.72,Normal,0.1499
2025-11-09 14:10:41,29.17,54.82,3.89,Normal,0.1558
2025-11-09 14:10:43,28.71,55.92,3.56,Normal,0.1613
2025-11-09 14:10:45,28.13,57.47,3.55,Normal,0.1452
2025-11-09 14:10:47,28.93,59.12,2.98,Normal,0.1631
2025-11-09 14:10:49,30.16,59.35,2.84,Normal,0.1719
2025-11-09 14:10:51,27.38,64.21,4.12,Normal,0.0431
2025-11-09 14:10:53,27.55,59.34,4.21,Normal,0.0954
2025-11-09 14:10:55,27.58,60.13,4.08,Normal,0.0978
2025-11-09 14:14:47,29.14,55.92,3.68,Normal,0.1629
2025-11-09 14:14:49,29.94,58.57,3.72,Normal,0.1564
2025-11-09 14:14:51,30.84,57.17,3.75,Normal,0.1544
2025-11-09 14:14:53,32.07,57.44,3.81,Normal,0.1368
2025-11-09 14:14:55,34.54,54.79,4.41,Anomaly,-0.0058
2025-11-09 14:14:57,34.54,55.04,4.37,Anomaly,-0.0026
2025-11-09 14:14:59,33.42,56.79,3.73,Normal,0.0979
2025-11-09 14:15:01,31.66,57.27,3.38,Normal,0.1564
2025-11-09 14:15:03,29.67,54.76,3.22,Normal,0.1829
2025-11-09 14:15:05,29.69,55.87,3.28,Normal,0.1808
2025-11-09 14:15:07,26.21,52.25,5.01,Normal,0.0217
2025-11-09 14:15:09,28.54,54.9,4.3,Normal,0.1192
2025-11-09 14:15:11,29.65,58.96,4.0,Normal,0.1484
2025-11-09 14:15:13,30.21,63.88,2.37,Normal,0.0856
2025-11-09 14:23:01,29.67,65.63,2.41,Normal,0.057
2025-11-09 14:23:03,26.13,62.03,3.99,Normal,0.0255
2025-11-09 14:23:05,28.1,58.16,4.85,Normal,0.0659
2025-11-09 14:23:07,28.13,55.85,4.3,Normal,0.1091
2025-11-09 14:23:09,30.43,56.36,3.63,Normal,0.1693
2025-11-09 14:23:11,30.19,55.71,3.16,Normal,0.1818
2025-11-09 14:23:13,30.12,54.92,3.67,Normal,0.1643
2025-11-09 14:23:15,30.08,54.64,3.45,Normal,0.1713
2025-11-09 14:23:17,29.58,57.75,3.47,Normal,0.1689
2025-11-09 14:23:19,29.82,58.61,2.79,Normal,0.1679
2025-11-09 14:23:21,29.63,57.84,2.61,Normal,0.1707
2025-11-09 14:23:23,29.91,54.56,2.62,Normal,0.1803
2025-11-09 14:23:26,29.02,52.79,3.05,Normal,0.1813
2025-11-09 14:23:28,28.72,52.1,3.14,Normal,0.1702
2025-11-09 14:23:30,30.14,55.37,3.64,Normal,0.1711
2025-11-09 14:23:32,31.02,55.05,2.87,Normal,0.175
2025-11-09 14:23:34,30.13,56.94,3.26,Normal,0.1786
2025-11-09 14:23:36,28.72,54.53,2.43,Normal,0.162
2025-11-09 14:23:38,28.97,55.9,2.33,Normal,0.1605
2025-11-09 14:23:40,29.82,52.57,2.47,Normal,0.1689
2025-11-09 14:23:42,30.38,55.12,2.46,Normal,0.1745
2025-11-09 14:23:44,30.91,54.75,3.08,Normal,0.1773
2025-11-09 14:23:46,30.55,56.13,3.01,Normal,0.1809
2025-11-09 14:23:48,30.9,51.56,3.32,Normal,0.1669
2025-11-09 14:23:50,29.97,53.06,3.39,Normal,0.1727
2025-11-09 14:23:52,26.9,52.68,4.49,Normal,0.0756
2025-11-09 14:23:54,27.48,56.69,4.46,Normal,0.0906
2025-11-09 14:23:56,28.28,56.63,4.23,Normal,0.1164
2025-11-09 14:23:58,29.14,56.15,3.33,Normal,0.1754
2025-11-09 14:24:00,29.47,52.31,3.29,Normal,0.1803
2025-11-09 14:24:02,29.54,51.06,2.94,Normal,0.1733
2025-11-09 14:24:04,30.68,53.28,2.88,Normal,0.1776
2025-11-09 14:24:06,29.68,56.65,2.93,Normal,0.1771
2025-11-09 14:24:08,32.19,56.38,3.92,Normal,0.1261
2025-11-09 14:24:10,32.16,54.66,3.75,Normal,0.1393
2025-11-09 14:24:12,31.87,53.3,3.37,Normal,0.1531
2025-11-09 14:24:14,29.78,54.54,2.9,Normal,0.1826
2025-11-09 14:24:16,30.61,54.94,2.76,Normal,0.1753
2025-11-09 14:24:18,29.99,54.69,3.14,Normal,0.1827
2025-11-09 14:24:20,30.24,54.48,3.05,Normal,0.1816
2025-11-09 14:24:22,29.8,52.92,3.03,Normal,0.1802
2025-11-09 14:24:24,30.96,53.02,2.96,Normal,0.1769
2025-11-09 14:24:26,34.95,50.16,3.78,Anomaly,-0.0074
2025-11-09 14:24:28,33.16,56.07,4.26,Normal,0.0702
2025-11-09 14:24:30,32.56,56.88,4.12,Normal,0.1101
2025-11-09 14:24:32,31.23,58.35,3.83,Normal,0.1427
2025-11-09 14:24:34,31.28,56.45,3.21,Normal,0.1722
2025-11-09 14:24:36,30.9,55.17,3.76,Normal,0.1576
2025-11-09 14:24:38,30.35,55.86,3.67,Normal,0.1683
2025-11-09 14:24:40,30.68,54.94,3.6,Normal,0.1678
2025-11-09 14:24:42,30.58,52.58,3.53,Normal,0.1649
2025-11-09 14:24:44,30.92,50.79,3.81,Normal,0.1407
2025-11-09 14:24:46,30.67,50.76,3.61,Normal,0.1579
2025-11-09 14:24:48,30.3,52.97,3.4,Normal,0.1732
2025-11-09 14:24:50,29.68,54.74,3.16,Normal,0.1831
2025-11-09 14:28:31,30.95,55.91,3.17,Normal,0.1758
2025-11-09 14:28:33,31.14,56.46,2.95,Normal,0.1715
2025-11-09 14:28:35,31.61,55.37,2.72,Normal,0.1611
2025-11-09 14:28:37,34.1,57.96,3.83,Normal,0.0361
2025-11-09 14:28:39,34.54,58.16,3.78,Normal,0.0149
2025-11-09 14:28:41,33.5,60.52,3.5,Normal,0.0826
2025-11-09 14:28:43,27.98,54.5,4.34,Normal,0.1163
2025-11-09 14:28:45,27.22,51.93,4.18,Normal,0.0941
2025-11-09 14:28:47,27.75,50.16,4.34,Normal,0.097
2025-11-09 14:28:49,28.84,54.18,3.29,Normal,0.1751
2025-11-09 14:28:51,30.31,55.24,2.91,Normal,0.1862
2025-11-09 14:28:53,28.86,51.85,4.01,Normal,0.1431
2025-11-09 14:28:55,29.53,52.32,4.13,Normal,0.1503
2025-11-09 14:28:57,28.17,53.71,4.15,Normal,0.1258
2025-11-09 14:28:59,26.19,56.08,4.93,Normal,0.0276
2025-11-09 14:29:01,26.94,56.96,4.67,Normal,0.0572
2025-11-09 14:29:03,24.4,55.36,5.75,Anomaly,-0.0803
2025-11-09 14:29:05,27.54,55.31,5.01,Normal,0.0515
2025-11-09 14:29:07,28.28,56.05,4.92,Normal,0.072
2025-11-09 14:29:09,31.19,53.69,4.23,Normal,0.1276
2025-11-09 14:29:11,30.3,55.01,3.66,Normal,0.1699
2025-11-09 14:29:13,30.89,54.37,3.22,Normal,0.1775
2025-11-09 14:29:15,30.37,56.04,2.42,Normal,0.1729
2025-11-09 14:29:17,30.51,55.45,2.95,Normal,0.1801
2025-11-09 14:29:19,29.83,55.2,3.22,Normal,0.1797
2025-11-09 14:29:21,30.06,56.67,3.39,Normal,0.1707
2025-11-09 14:29:23,30.22,60.02,3.08,Normal,0.1684
2025-11-09 14:29:25,29.2,58.28,3.51,Normal,0.1594
2025-11-09 14:29:27,29.72,57.15,3.83,Normal,0.159
2025-11-09 14:29:29,29.4,52.53,4.21,Normal,0.1461
2025-11-09 14:29:31,29.65,52.14,3.63,Normal,0.1717
2025-11-09 14:29:33,33.19,51.19,3.75,Normal,0.0971
2025-11-09 14:29:35,32.47,52.51,3.55,Normal,0.1376
2025-11-09 14:29:37,32.26,53.59,2.92,Normal,0.1518
2025-11-09 14:29:39,30.37,55.27,3.1,Normal,0.1839
2025-11-09 14:29:41,30.04,54.99,3.2,Normal,0.1825
2025-11-09 14:29:43,25.91,48.77,4.22,Normal,0.0354
2025-11-09 14:29:45,25.69,49.83,3.61,Normal,0.0601
2025-11-09 14:29:47,26.63,48.87,3.1,Normal,0.0875
2025-11-09 14:29:49,29.01,55.52,2.59,Normal,0.1705
2025-11-09 14:29:51,28.59,55.5,3.09,Normal,0.1676
2025-11-09 14:29:53,28.31,54.73,3.05,Normal,0.1666
2025-11-09 14:29:55,28.8,53.41,3.17,Normal,0.1731
2025-11-09 14:29:57,29.56,53.96,2.74,Normal,0.1786
2025-11-09 14:29:59,29.81,54.71,2.64,Normal,0.1784
2025-11-09 14:30:01,28.56,53.37,2.51,Normal,0.1569
2025-11-09 14:30:03,28.43,53.3,2.95,Normal,0.1701
2025-11-09 14:30:05,29.48,53.46,2.98,Normal,0.1803
2025-11-09 14:30:07,30.33,55.83,3.21,Normal,0.1829
2025-11-09 14:30:09,30.9,57.36,3.2,Normal,0.1731
2025-11-09 14:30:11,29.97,57.71,3.56,Normal,0.166
2025-11-09 14:30:13,29.55,56.14,3.82,Normal,0.1617
2025-11-09 14:30:15,29.83,55.29,2.98,Normal,0.1803
2025-11-09 14:30:17,26.23,53.5,4.5,Normal,0.0518
2025-11-09 14:30:19,27.44,56.45,4.22,Normal,0.1092
2025-11-09 14:30:21,27.71,56.87,4.23,Normal,0.1058
2025-11-09 14:30:23,31.32,58.73,3.27,Normal,0.1585
2025-11-09 14:30:25,27.26,55.15,4.35,Normal,0.0953
2025-11-09 14:30:27,27.08,52.18,4.1,Normal,0.095
2025-11-09 14:30:29,27.35,53.99,3.65,Normal,0.1273
2025-11-09 14:30:31,30.39,54.65,3.46,Normal,0.1714
2025-11-09 14:30:33,32.24,58.96,3.2,Normal,0.1423
2025-11-09 14:30:35,32.15,55.69,3.35,Normal,0.1491
2025-11-09 14:30:37,34.81,54.46,3.75,Normal,0.0139
2025-11-09 14:30:39,33.64,52.32,4.12,Normal,0.0694
2025-11-09 14:30:41,32.18,53.14,3.74,Normal,0.136
2025-11-09 14:30:43,29.35,52.95,3.17,Normal,0.1829
2025-11-09 14:30:45,29.22,51.26,2.91,Normal,0.1736
2025-11-09 14:30:47,29.65,48.91,2.54,Normal,0.1416
2025-11-09 14:30:49,30.71,49.4,2.69,Normal,0.1445
2025-11-09 14:30:51,30.21,51.16,2.57,Normal,0.1637
2025-11-09 14:30:53,29.92,54.73,3.14,Normal,0.1815
2025-11-09 14:30:55,29.91,55.02,3.16,Normal,0.182
2025-11-09 14:30:57,29.99,53.66,2.77,Normal,0.1739
2025-11-09 14:30:59,30.08,51.38,2.23,Normal,0.1621
2025-11-09 14:31:01,29.82,49.7,1.94,Normal,0.128
2025-11-09 14:31:03,31.24,54.26,2.14,Normal,0.156
2025-11-09 14:31:05,29.99,55.66,2.45,Normal,0.1753
2025-11-09 14:31:07,25.66,56.7,3.77,Normal,0.0542
2025-11-09 14:31:09,26.75,53.62,4.32,Normal,0.0756
2025-11-09 14:31:11,27.99,53.11,4.82,Normal,0.0819
2025-11-09 14:31:13,29.72,52.68,4.25,Normal,0.1418
2025-11-09 14:31:15,30.77,49.26,3.71,Normal,0.1384
2025-11-09 14:31:17,31.22,51.6,3.2,Normal,0.1646
2025-11-09 14:31:19,31.39,52.15,3.19,Normal,0.1643
2025-11-09 14:31:21,30.16,55.07,3.1,Normal,0.1827
2025-11-09 14:31:23,29.78,56.2,3.06,Normal,0.1792
2025-11-09 14:31:25,28.96,55.65,3.37,Normal,0.1715
2025-11-09 14:31:27,30.31,54.34,3.0,Normal,0.1835
2025-11-09 14:31:29,26.54,54.48,4.02,Normal,0.0864
2025-11-09 14:31:31,24.72,58.68,4.58,Anomaly,-0.0215
2025-11-09 14:31:33,24.1,59.66,3.96,Anomaly,-0.0299
2025-11-09 14:31:35,26.4,59.35,3.24,Normal,0.0899
2025-11-09 14:31:37,27.23,58.71,2.72,Normal,0.1256
2025-11-09 14:31:39,28.65,58.96,3.2,Normal,0.1581
2025-11-09 14:31:41,29.15,59.49,2.88,Normal,0.1652
2025-11-09 14:31:43,28.88,60.39,2.88,Normal,0.1523
2025-11-09 14:31:45,28.28,59.03,2.98,Normal,0.1522
2025-11-09 14:31:47,29.58,60.78,3.4,Normal,0.1555
2025-11-09 14:31:49,30.76,57.76,3.79,Normal,0.1517
2025-11-09 14:31:51,30.94,55.79,3.78,Normal,0.1534
2025-11-09 14:31:53,27.81,57.1,5.03,Normal,0.0513
2025-11-09 14:31:55,27.71,57.84,4.41,Normal,0.0911
2025-11-09 14:31:57,27.38,56.09,4.08,Normal,0.1113
2025-11-09 14:31:59,29.2,56.44,3.1,Normal,0.1783
2025-11-09 14:32:01,29.3,56.49,3.22,Normal,0.1789
2025-11-09 14:32:03,25.98,57.95,4.52,Normal,0.0261
2025-11-09 14:32:05,26.64,54.02,4.15,Normal,0.0861
2025-11-09 14:32:07,26.29,55.07,3.91,Normal,0.0822
2025-11-09 14:32:09,28.31,53.27,3.93,Normal,0.1425
2025-11-09 14:32:11,28.9,54.3,3.54,Normal,0.1641
2025-11-09 14:32:13,29.21,52.75,3.07,Normal,0.1823
2025-11-09 14:32:15,29.33,52.06,2.94,Normal,0.1791
2025-11-09 14:32:17,29.43,52.43,2.8,Normal,0.1769
2025-11-09 14:32:19,30.07,52.31,2.86,Normal,0.1793
2025-11-09 14:32:21,26.09,58.62,4.2,Normal,0.0406
2025-11-09 14:32:23,27.54,61.42,3.87,Normal,0.0854
2025-11-09 14:32:25,27.0,62.21,3.57,Normal,0.0695
2025-11-09 14:32:27,33.86,58.86,3.73,Normal,0.0621
2025-11-09 14:32:29,33.96,58.39,3.75,Normal,0.0473
2025-11-09 14:32:31,33.99,60.44,3.7,Normal,0.0417
2025-11-09 14:32:33,28.82,56.8,4.0,Normal,0.1429
2025-11-09 14:32:35,28.26,56.24,4.04,Normal,0.1291
2025-11-09 14:32:37,28.28,58.29,4.49,Normal,0.093
2025-11-09 14:32:39,29.59,58.91,3.81,Normal,0.1534
2025-11-09 14:32:41,34.49,56.91,4.99,Anomaly,-0.0322
2025-11-09 14:32:43,33.29,53.44,4.58,Normal,0.0522
2025-11-09 14:32:45,32.4,55.2,4.7,Normal,0.0698
2025-11-09 14:32:47,29.34,56.56,3.26,Normal,0.1782
2025-11-09 14:32:49,30.45,57.91,3.11,Normal,0.1754
2025-11-09 14:32:51,32.12,56.71,2.59,Normal,0.1519
2025-11-09 14:32:53,32.19,54.2,3.11,Normal,0.1508
2025-11-09 14:32:55,30.68,53.84,3.34,Normal,0.1714
2025-11-09 14:32:57,29.49,55.73,3.7,Normal,0.1659
2025-11-09 14:32:59,29.93,59.21,3.19,Normal,0.1738
2025-11-09 14:33:01,30.68,59.28,3.15,Normal,0.1657
2025-11-09 14:33:03,31.52,58.67,3.33,Normal,0.1519
2025-11-09 14:33:05,28.92,56.26,3.01,Normal,0.1749
2025-11-09 14:33:07,28.63,56.73,3.22,Normal,0.1629
2025-11-09 14:33:09,29.19,53.41,3.32,Normal,0.1789
2025-11-09 14:33:11,30.57,54.56,4.25,Normal,0.1363
2025-11-09 14:33:13,28.09,59.38,5.82,Anomaly,-0.0187
2025-11-09 14:33:15,28.31,56.28,5.46,Normal,0.0208
2025-11-09 14:33:17,29.14,58.31,4.83,Normal,0.0868
2025-11-09 14:33:19,30.0,54.29,3.97,Normal,0.1526
2025-11-09 14:33:21,30.46,57.37,4.04,Normal,0.1479
2025-11-09 14:33:23,29.17,54.18,3.67,Normal,0.165
2025-11-09 14:33:25,30.16,52.75,3.21,Normal,0.1812
2025-11-09 14:33:27,25.44,54.76,3.84,Normal,0.0477
2025-11-09 14:33:29,26.83,56.53,4.3,Normal,0.0779
2025-11-09 14:33:31,26.83,56.72,4.12,Normal,0.0881
2025-11-09 14:33:33,29.97,54.67,3.83,Normal,0.1604
2025-11-09 14:33:35,30.12,54.48,3.16,Normal,0.1812
2025-11-09 14:33:37,29.43,54.9,3.29,Normal,0.1819
2025-11-09 14:33:39,29.06,56.57,3.09,Normal,0.1743
2025-11-09 14:33:41,28.67,56.49,3.01,Normal,0.1707
2025-11-09 14:33:43,29.52,55.64,2.96,Normal,0.1816
2025-11-09 14:33:45,29.63,53.01,3.18,Normal,0.1835
2025-11-09 14:33:47,29.57,53.29,2.85,Normal,0.1806
2025-11-09 14:33:49,26.88,52.65,4.55,Normal,0.0694
2025-11-09 14:33:51,28.15,53.26,4.03,Normal,0.1329
2025-11-09 14:33:53,27.41,53.73,4.13,Normal,0.1112
2025-11-09 14:33:55,28.75,54.52,3.07,Normal,0.1721
2025-11-09 14:33:57,28.67,52.84,2.94,Normal,0.174
2025-11-09 14:33:59,28.81,53.1,3.4,Normal,0.1698
2025-11-09 14:34:01,28.45,54.69,3.52,Normal,0.1584
2025-11-09 14:34:03,28.87,56.5,2.92,Normal,0.1707
2025-11-09 14:34:05,25.09,54.88,4.33,Normal,0.0222
2025-11-09 14:34:07,25.7,56.62,4.48,Normal,0.0299
2025-11-09 14:34:09,25.03,56.89,5.25,Anomaly,-0.0252
2025-11-09 14:34:11,26.1,56.53,3.96,Normal,0.0606
2025-11-09 14:34:13,25.95,55.42,3.11,Normal,0.0914
2025-11-09 14:34:15,32.74,55.26,3.46,Normal,0.1344
2025-11-09 14:34:17,33.57,55.78,3.64,Normal,0.0912
2025-11-09 14:34:19,34.4,57.0,3.76,Normal,0.0389
2025-11-09 14:34:21,32.01,56.5,3.48,Normal,0.1548
2025-11-09 14:34:23,31.68,58.5,2.8,Normal,0.1545
2025-11-09 14:34:25,31.41,55.63,2.45,Normal,0.163
2025-11-09 14:34:27,30.66,56.78,2.55,Normal,0.1699
2025-11-09 14:34:29,30.44,55.41,2.65,Normal,0.1771
2025-11-09 14:34:31,31.22,59.14,3.21,Normal,0.1603
2025-11-09 14:34:33,30.87,60.52,3.11,Normal,0.156
2025-11-09 14:34:35,31.13,59.75,3.35,Normal,0.1525
2025-11-09 14:34:37,31.0,55.52,3.05,Normal,0.1751
2025-11-09 14:34:39,30.4,51.75,2.86,Normal,0.1754
2025-11-09 14:34:41,31.34,51.3,3.01,Normal,0.1652
2025-11-09 14:34:43,30.1,55.84,2.9,Normal,0.1818
2025-11-09 14:34:45,30.62,60.35,2.95,Normal,0.1627
2025-11-09 14:34:47,30.39,62.19,3.57,Normal,0.1336
2025-11-09 14:34:49,29.45,59.55,3.43,Normal,0.1623
2025-11-09 14:34:51,28.92,55.71,3.12,Normal,0.1756
2025-11-09 14:34:53,23.32,53.52,3.93,Anomaly,-0.0208
2025-11-09 14:34:55,23.73,56.15,3.63,Anomaly,-0.0069
2025-11-09 14:34:57,24.9,57.03,3.86,Normal,0.0132
2025-11-09 14:34:59,28.28,58.92,3.49,Normal,0.1402
2025-11-09 14:35:01,29.59,57.16,3.77,Normal,0.1592
2025-11-09 14:35:03,28.91,55.71,3.05,Normal,0.1748
2025-11-09 14:35:05,26.24,52.2,3.82,Normal,0.0812
2025-11-09 14:35:07,31.4,55.3,5.04,Normal,0.0621
2025-11-09 14:35:09,31.99,57.37,4.52,Normal,0.0941
2025-11-09 14:35:11,33.92,55.96,3.63,Normal,0.0599
2025-11-09 14:35:13,30.48,56.33,3.13,Normal,0.1779
2025-11-09 14:35:15,29.56,55.56,3.34,Normal,0.1769
2025-11-09 14:35:17,29.61,53.22,3.63,Normal,0.1739
2025-11-09 14:35:19,30.18,51.87,3.57,Normal,0.1644
2025-11-09 14:35:21,29.18,52.61,3.25,Normal,0.1813
2025-11-09 14:35:23,29.67,53.71,2.81,Normal,0.1772
2025-11-09 14:35:25,29.2,52.95,2.72,Normal,0.175
2025-11-09 14:35:27,30.99,51.41,2.94,Normal,0.1649
2025-11-09 14:35:29,26.88,48.62,4.77,Normal,0.0236
2025-11-09 14:35:31,28.25,49.87,4.66,Normal,0.0762
2025-11-09 14:35:33,28.35,49.83,4.24,Normal,0.1074
2025-11-09 14:35:35,31.08,53.0,2.81,Normal,0.1722
2025-11-09 14:35:37,29.36,53.93,2.56,Normal,0.1731
2025-11-09 14:35:39,28.83,53.39,2.72,Normal,0.1688
2025-11-09 14:35:41,28.1,51.58,3.04,Normal,0.1513
2025-11-09 14:35:43,29.62,49.98,3.12,Normal,0.1651
2025-11-09 14:35:45,29.49,52.37,3.27,Normal,0.1814
2025-11-09 14:35:47,28.94,53.34,3.33,Normal,0.1741
2025-11-09 14:35:49,27.78,54.43,3.12,Normal,0.1509
2025-11-09 14:35:51,24.3,51.33,4.78,Anomaly,-0.0298
2025-11-09 14:35:53,25.85,50.49,4.4,Normal,0.0352
2025-11-09 14:35:55,27.47,51.7,4.76,Normal,0.0712
2025-11-09 14:35:57,29.53,55.8,3.02,Normal,0.1829
2025-11-09 14:35:59,30.05,59.41,3.08,Normal,0.17
2025-11-09 14:36:01,29.87,54.75,2.34,Normal,0.173
2025-11-09 14:36:03,30.86,52.25,2.53,Normal,0.1648
2025-11-09 14:36:05,31.76,52.67,2.46,Normal,0.1522
2025-11-09 14:36:07,31.45,52.72,3.31,Normal,0.1668
2025-11-09 14:36:09,31.34,54.33,3.24,Normal,0.1713
2025-11-09 14:36:11,31.22,56.89,3.0,Normal,0.1732
2025-11-09 14:36:13,31.38,57.63,2.7,Normal,0.1603
2025-11-09 14:36:15,30.29,55.92,2.86,Normal,0.1823
2025-11-09 14:36:17,29.83,52.68,2.55,Normal,0.172
2025-11-09 14:36:19,30.74,51.93,2.79,Normal,0.1667
2025-11-09 14:36:21,30.23,53.02,2.79,Normal,0.1776
2025-11-09 14:36:23,29.59,52.71,3.42,Normal,0.1766
2025-11-09 14:36:25,29.89,51.35,3.08,Normal,0.1724
2025-11-09 14:36:27,28.96,53.67,3.2,Normal,0.1738
2025-11-09 14:36:29,29.73,55.76,3.36,Normal,0.1732
2025-11-09 14:36:31,25.95,60.41,5.64,Anomaly,-0.0474
2025-11-09 14:36:33,31.57,58.17,6.18,Anomaly,-0.0267
2025-11-09 14:36:35,32.25,53.68,5.68,Anomaly,-0.01
2025-11-09 14:36:37,32.64,53.21,4.5,Normal,0.0812
2025-11-09 14:36:39,31.22,52.1,3.69,Normal,0.1581
2025-11-09 14:36:41,30.03,52.88,3.73,Normal,0.1636
2025-11-09 14:36:43,31.62,51.21,3.1,Normal,0.1532
2025-11-09 14:36:45,31.06,53.2,3.16,Normal,0.1733
2025-11-09 14:36:47,31.21,51.79,2.67,Normal,0.1617
2025-11-09 14:36:49,30.99,51.09,3.03,Normal,0.165
2025-11-09 14:36:51,29.57,53.91,2.85,Normal,0.1808
2025-11-09 14:36:53,29.62,52.58,3.35,Normal,0.1777
2025-11-09 14:36:55,29.81,52.35,3.38,Normal,0.1723
2025-11-09 14:36:57,31.1,52.24,3.62,Normal,0.1635
2025-11-09 14:36:59,30.13,53.94,3.29,Normal,0.1783
2025-11-09 14:37:01,30.38,55.47,2.84,Normal,0.181
2025-11-09 14:37:03,29.8,56.26,2.91,Normal,0.1774
2025-11-09 14:37:05,30.83,53.58,3.15,Normal,0.1718
2025-11-09 14:37:07,34.54,52.55,4.24,Normal,0.0008
2025-11-09 14:37:09,34.67,52.5,4.46,Anomaly,-0.0126
2025-11-09 14:37:11,34.29,54.04,4.19,Normal,0.023
2025-11-09 14:37:13,32.43,57.17,3.7,Normal,0.1309
2025-11-09 14:37:15,31.65,58.14,3.07,Normal,0.1569
2025-11-09 14:37:17,31.14,57.69,2.95,Normal,0.1665
2025-11-09 14:37:19,31.55,55.96,2.9,Normal,0.1671
2025-11-09 14:37:21,30.24,54.45,2.8,Normal,0.1797
2025-11-09 14:37:23,27.72,56.06,4.6,Normal,0.0833
2025-11-09 14:37:25,27.04,59.12,4.17,Normal,0.0819
2025-11-09 14:37:27,27.98,60.73,4.39,Normal,0.0792
2025-11-09 14:37:29,30.32,58.08,3.18,Normal,0.1772
2025-11-09 14:37:31,30.35,56.41,3.21,Normal,0.181
2025-11-09 14:37:33,30.82,55.04,2.66,Normal,0.1747
2025-11-09 14:37:35,31.07,54.95,2.34,Normal,0.1634
2025-11-09 14:37:37,31.56,55.88,2.72,Normal,0.1609
2025-11-09 14:37:39,30.19,53.67,3.27,Normal,0.1782
2025-11-09 14:37:41,28.67,55.8,2.99,Normal,0.1708
2025-11-09 14:37:43,28.87,54.42,2.86,Normal,0.1744
2025-11-09 14:37:45,29.52,53.74,2.54,Normal,0.1711
2025-11-09 14:37:47,30.49,54.54,2.81,Normal,0.1784
2025-11-09 14:37:49,29.81,51.45,3.32,Normal,0.1712
2025-11-09 14:37:51,28.88,51.68,3.26,Normal,0.1739
2025-11-09 14:37:53,30.27,49.03,3.45,Normal,0.1518
2025-11-09 14:37:55,34.35,47.74,4.34,Anomaly,-0.0218
2025-11-09 14:37:57,31.85,44.72,5.29,Anomaly,-0.0469
2025-11-09 14:37:59,31.55,50.38,4.95,Normal,0.0608
2025-11-09 14:38:01,28.84,52.71,4.0,Normal,0.1522
2025-11-09 14:38:03,29.34,54.63,2.86,Normal,0.1843
2025-11-09 14:38:05,29.61,50.32,2.36,Normal,0.1549
2025-11-09 14:38:07,29.65,51.04,2.57,Normal,0.1663
2025-11-09 14:38:49,29.63,52.57,2.95,Normal,0.1813
2025-11-09 14:38:51,30.27,55.11,3.39,Normal,0.1748
2025-11-09 14:38:53,30.66,54.31,2.98,Normal,0.1785
2025-11-09 14:38:55,30.83,55.2,2.81,Normal,0.1767
2025-11-09 14:38:57,29.58,52.69,3.04,Normal,0.1826
2025-11-09 14:38:59,28.68,51.83,2.95,Normal,0.1687
2025-11-09 14:39:01,29.76,52.86,2.85,Normal,0.1797
2025-11-09 14:39:03,29.48,54.14,2.14,Normal,0.1608
2025-11-09 14:39:05,30.28,52.79,2.66,Normal,0.1766
2025-11-09 14:39:07,29.87,54.86,2.68,Normal,0.178
2025-11-09 14:39:09,33.5,48.86,4.22,Normal,0.037
2025-11-09 14:39:11,32.92,48.42,3.51,Normal,0.0899
2025-11-09 14:39:13,32.75,48.45,3.11,Normal,0.1007
2025-11-09 14:39:15,31.12,54.2,2.58,Normal,0.1655
2025-11-09 14:39:17,31.75,58.59,2.7,Normal,0.1484
2025-11-09 14:39:19,32.08,55.0,3.13,Normal,0.1599
2025-11-09 14:39:21,30.34,58.02,3.07,Normal,0.1777
2025-11-09 14:39:23,29.92,58.42,3.69,Normal,0.1569
2025-11-09 14:39:25,33.69,58.6,4.56,Normal,0.0301
2025-11-09 14:39:27,34.37,56.16,4.28,Normal,0.0057
2025-11-09 14:39:29,32.62,57.49,3.59,Normal,0.1286
2025-11-09 14:39:31,30.74,56.7,3.16,Normal,0.1734
2025-11-09 14:39:33,29.73,55.73,3.23,Normal,0.1778
2025-11-09 14:39:35,30.69,53.59,2.77,Normal,0.1706
2025-11-09 14:39:37,29.96,55.06,2.78,Normal,0.1804
2025-11-09 14:39:39,34.13,57.06,4.22,Normal,0.0203
2025-11-09 14:39:41,34.41,60.62,4.4,Anomaly,-0.0053
2025-11-09 14:39:43,32.97,60.13,3.8,Normal,0.0945
2025-11-09 14:39:45,29.86,58.21,2.38,Normal,0.162
2025-11-09 14:39:47,28.46,53.82,1.85,Normal,0.1334
2025-11-09 14:39:49,29.73,54.46,1.67,Normal,0.1418
2025-11-09 14:39:51,30.63,54.01,2.05,Normal,0.1565
2025-11-09 14:39:53,30.58,57.0,2.4,Normal,0.1656
2025-11-09 14:39:55,30.49,54.89,2.83,Normal,0.1784
2025-11-09 14:39:57,29.39,57.4,2.91,Normal,0.1758
2025-11-09 14:39:59,30.31,54.27,2.88,Normal,0.181
2025-11-09 14:40:01,30.98,56.81,2.63,Normal,0.167
2025-11-09 14:40:20,31.73,56.25,2.45,Normal,0.1572
2025-11-09 14:40:22,31.05,57.56,2.6,Normal,0.1635
2025-11-09 14:40:24,29.67,57.08,2.79,Normal,0.1722
2025-11-09 14:40:26,29.27,58.05,3.5,Normal,0.1635
2025-11-09 14:40:28,30.33,59.72,3.5,Normal,0.1591
2025-11-09 14:40:30,28.94,53.96,4.8,Normal,0.1
2025-11-09 14:40:32,28.97,54.58,3.88,Normal,0.1551
2025-11-09 14:40:34,28.85,53.19,3.51,Normal,0.1672
2025-11-09 14:40:36,29.54,56.41,2.2,Normal,0.159
2025-11-09 14:40:38,29.87,56.47,2.48,Normal,0.1721
2025-11-09 14:40:40,28.93,56.42,3.23,Normal,0.1726
2025-11-09 14:40:42,27.84,59.59,4.99,Normal,0.0383
2025-11-09 14:40:44,28.13,59.45,4.66,Normal,0.0673
2025-11-09 14:40:46,30.08,56.98,4.41,Normal,0.1258
2025-11-09 14:40:48,30.67,54.85,4.1,Normal,0.1446
2025-11-09 14:40:50,31.32,54.0,4.26,Normal,0.1227
2025-11-09 14:40:52,30.62,56.59,4.19,Normal,0.1415
2025-11-09 14:40:54,29.16,54.2,3.86,Normal,0.1548
2025-11-09 14:40:56,29.24,56.59,3.55,Normal,0.1698
2025-11-09 14:40:58,29.82,55.5,3.48,Normal,0.1708
2025-11-09 14:41:00,30.59,56.07,3.3,Normal,0.1789
2025-11-09 14:41:02,30.12,54.39,2.96,Normal,0.1811
2025-11-09 14:41:04,29.34,54.21,3.18,Normal,0.1793
2025-11-09 14:41:06,28.63,56.02,2.61,Normal,0.1653
2025-11-09 14:41:08,29.64,56.87,2.71,Normal,0.1735
2025-11-09 14:41:10,29.59,56.82,3.17,Normal,0.1769
2025-11-09 14:41:12,29.08,56.74,3.77,Normal,0.1558
2025-11-09 14:41:14,28.61,54.23,3.63,Normal,0.1589
2025-11-09 14:41:16,27.45,54.12,3.8,Normal,0.1281
2025-11-09 14:41:18,28.57,54.79,3.23,Normal,0.1661
2025-11-09 14:41:20,28.36,55.6,3.21,Normal,0.1622
2025-11-09 14:41:22,28.76,58.18,3.37,Normal,0.1584
2025-11-09 14:41:24,29.23,55.3,3.9,Normal,0.1559
2025-11-09 14:41:26,28.89,55.43,4.02,Normal,0.1465
2025-11-09 14:41:28,29.63,52.63,2.96,Normal,0.1817
2025-11-09 14:41:30,27.18,59.09,4.38,Normal,0.077
2025-11-09 14:41:32,28.55,57.19,3.91,Normal,0.1403
2025-11-09 14:59:17,28.97,58.91,3.9,Normal,0.1386
2025-11-09 14:59:19,31.03,58.48,3.24,Normal,0.1643
2025-11-09 14:59:21,31.9,59.71,3.9,Normal,0.119
2025-11-09 14:59:23,31.31,58.42,3.66,Normal,0.1508
2025-11-09 14:59:25,31.17,58.97,3.6,Normal,0.1514
2025-11-09 14:59:27,30.16,58.04,3.17,Normal,0.1764
2025-11-09 14:59:29,30.4,60.99,3.18,Normal,0.1609
2025-11-09 14:59:31,30.57,58.65,2.96,Normal,0.17
2025-11-09 14:59:33,31.94,57.54,2.94,Normal,0.1621
2025-11-09 14:59:35,30.93,53.14,2.96,Normal,0.1773
2025-11-09 14:59:37,30.44,53.98,3.37,Normal,0.1726
2025-11-09 14:59:39,29.58,52.05,3.18,Normal,0.1775
2025-11-09 14:59:41,29.64,52.56,3.27,Normal,0.1817
2025-11-09 14:59:43,29.15,51.45,3.27,Normal,0.1743
2025-11-09 14:59:45,28.54,51.86,3.12,Normal,0.1609
2025-11-09 14:59:47,32.88,57.24,5.07,Normal,0.0227
2025-11-09 14:59:49,32.02,54.61,4.41,Normal,0.1009
2025-11-09 14:59:51,31.93,56.03,4.22,Normal,0.1185
2025-11-09 14:59:53,27.9,53.27,2.85,Normal,0.157
2025-11-09 14:59:55,28.34,52.42,3.4,Normal,0.1575
2025-11-09 14:59:57,29.46,54.16,3.15,Normal,0.1786
2025-11-09 15:01:54,30.65,55.1,3.14,Normal,0.1793
2025-11-09 15:01:56,30.81,54.27,2.6,Normal,0.1728
2025-11-09 15:01:58,29.91,53.86,2.65,Normal,0.1763
2025-11-09 15:02:00,29.67,49.95,2.96,Normal,0.1628
2025-11-09 15:02:02,33.91,50.95,3.98,Normal,0.0413
2025-11-09 15:02:04,34.22,49.79,3.67,Normal,0.0352
2025-11-09 15:02:06,34.17,52.87,3.66,Normal,0.0556
2025-11-09 15:02:08,31.89,54.03,3.49,Normal,0.1521
2025-11-09 15:02:10,35.1,49.34,4.64,Anomaly,-0.0538
2025-11-09 15:02:12,34.22,52.07,4.38,Normal,0.0133
2025-11-09 15:02:14,31.99,53.07,5.27,Normal,0.0384
2025-11-09 15:02:16,29.67,53.58,4.21,Normal,0.1431
2025-11-09 15:02:18,29.19,50.68,4.2,Normal,0.1273
2025-11-09 15:02:20,29.97,51.59,3.78,Normal,0.1558
2025-11-09 15:02:22,33.67,54.45,4.94,Normal,0.0248
2025-11-09 15:02:24,33.5,56.62,4.6,Normal,0.0431
2025-11-09 15:02:26,31.63,57.32,4.28,Normal,0.1161
2025-11-09 15:02:28,30.47,54.36,4.39,Normal,0.1313
2025-11-09 15:02:30,29.78,52.96,4.06,Normal,0.1511
2025-11-09 15:02:32,30.37,52.68,3.74,Normal,0.1626
2025-11-09 16:58:30,29.46,53.07,3.0,Normal,0.1837
2025-11-09 16:58:32,29.57,53.19,3.54,Normal,0.1725
2025-11-09 16:58:34,30.32,53.75,3.51,Normal,0.1662
2025-11-09 16:58:36,30.87,55.62,3.23,Normal,0.1775
2025-11-09 16:58:38,31.66,56.52,2.56,Normal,0.1608
2025-11-09 16:58:40,31.43,52.23,2.71,Normal,0.1569
2025-11-09 16:58:42,27.04,48.57,3.95,Normal,0.078
2025-11-09 16:58:44,23.06,52.12,5.01,Anomaly,-0.0612
2025-11-09 16:58:46,23.68,56.44,4.63,Anomaly,-0.0392
2025-11-09 16:58:48,22.51,63.29,5.18,Anomaly,-0.0998
2025-11-09 16:58:50,26.15,60.64,4.24,Normal,0.0348
2025-11-09 16:58:52,26.19,57.81,4.62,Normal,0.0252
2025-11-09 16:58:54,27.75,56.77,3.65,Normal,0.1343
2025-11-09 16:58:56,28.4,55.84,4.08,Normal,0.1373
2025-11-09 16:58:58,29.07,55.89,3.68,Normal,0.162
2025-11-09 16:59:00,29.2,58.04,3.54,Normal,0.1623
2025-11-09 16:59:02,28.18,56.9,2.62,Normal,0.1535
2025-11-09 16:59:04,30.92,58.54,4.3,Normal,0.1201
2025-11-09 16:59:06,31.15,56.12,3.63,Normal,0.1633
2025-11-09 16:59:08,32.26,57.09,3.47,Normal,0.1446
2025-11-09 16:59:10,30.82,56.42,2.39,Normal,0.1652
2025-11-09 16:59:12,30.61,55.88,2.81,Normal,0.1769
2025-11-09 16:59:14,30.36,52.13,3.29,Normal,0.1768
2025-11-09 16:59:16,31.54,51.76,2.99,Normal,0.161
2025-11-09 16:59:18,31.29,50.84,2.47,Normal,0.1494
2025-11-09 16:59:20,29.82,49.86,2.16,Normal,0.1407
2025-11-09 16:59:22,29.42,50.41,2.27,Normal,0.1497
2025-11-09 16:59:24,29.35,51.29,2.15,Normal,0.1622
2025-11-09 16:59:26,30.28,53.1,2.14,Normal,0.1629
2025-11-09 16:59:28,28.83,54.91,2.49,Normal,0.1648
2025-11-09 16:59:30,29.0,57.51,3.17,Normal,0.1728
2025-11-09 16:59:32,27.87,57.48,3.08,Normal,0.1475
2025-11-09 16:59:34,29.16,59.18,2.88,Normal,0.1673
2025-11-09 16:59:36,29.64,59.2,2.54,Normal,0.1638
2025-11-09 16:59:38,30.33,58.6,2.68,Normal,0.1694
2025-11-09 16:59:40,29.75,56.61,2.96,Normal,0.1781
2025-11-09 16:59:42,29.52,55.61,3.41,Normal,0.1756
2025-11-09 16:59:44,28.17,53.63,3.25,Normal,0.1588
2025-11-09 16:59:46,28.42,53.47,3.55,Normal,0.1586
2025-11-09 16:59:48,25.49,53.11,4.51,Normal,0.0301
2025-11-09 16:59:50,26.73,55.39,4.19,Normal,0.0883
2025-11-09 16:59:52,27.09,56.15,3.75,Normal,0.1089
2025-11-09 16:59:54,27.57,56.21,3.19,Normal,0.1432
2025-11-09 16:59:56,29.1,56.69,2.91,Normal,0.1736
2025-11-09 16:59:58,28.35,54.26,3.27,Normal,0.1647
2025-11-09 17:00:00,29.3,52.91,3.4,Normal,0.175
2025-11-09 17:00:02,28.79,53.62,3.35,Normal,0.1666
2025-11-09 17:00:04,29.19,54.32,2.64,Normal,0.1765
2025-11-09 17:00:06,28.74,57.06,2.68,Normal,0.1599
2025-11-09 17:00:08,30.14,58.14,2.92,Normal,0.1756
2025-11-09 17:00:11,31.19,59.82,3.12,Normal,0.1578
2025-11-09 17:00:13,30.13,57.43,3.03,Normal,0.1812
2025-11-09 17:00:15,29.33,55.11,2.96,Normal,0.1827
2025-11-09 17:00:17,29.1,55.52,3.32,Normal,0.1763
2025-11-09 17:00:19,29.57,51.77,3.39,Normal,0.1727
2025-11-09 17:00:21,29.21,53.11,3.78,Normal,0.1617
2025-11-09 17:00:23,29.24,52.23,3.6,Normal,0.1719
2025-11-09 17:00:25,29.06,53.74,4.03,Normal,0.1468
2025-11-09 17:00:27,28.44,56.63,3.36,Normal,0.1578
2025-11-09 17:00:29,31.57,54.88,4.64,Normal,0.0941
2025-11-09 17:00:31,31.41,54.0,3.97,Normal,0.1401
2025-11-09 17:00:33,37.64,52.45,5.57,Anomaly,-0.1132
2025-11-09 17:00:35,35.65,54.21,4.78,Anomaly,-0.049
2025-11-09 17:00:37,35.42,53.28,4.25,Anomaly,-0.0329
2025-11-09 17:00:39,30.64,56.62,3.8,Normal,0.1601
2025-11-09 17:00:42,30.05,55.9,3.7,Normal,0.1623
2025-11-09 17:00:44,30.21,55.31,3.48,Normal,0.1722
2025-11-09 17:00:46,29.84,51.8,3.46,Normal,0.1644
2025-11-09 17:00:48,29.72,51.98,3.23,Normal,0.1756
2025-11-09 17:00:50,29.14,55.6,3.13,Normal,0.177
2025-11-09 17:00:52,30.14,55.7,3.14,Normal,0.1822
2025-11-09 17:00:54,29.91,54.55,3.11,Normal,0.1838
2025-11-09 17:00:56,31.07,54.03,3.14,Normal,0.1718
2025-11-09 17:00:58,30.42,55.77,3.01,Normal,0.1834
2025-11-09 17:01:00,30.5,55.79,3.18,Normal,0.1796
2025-11-09 17:01:02,29.39,56.8,2.89,Normal,0.1762
2025-11-09 17:01:04,30.41,56.41,3.0,Normal,0.1823
2025-11-09 17:01:06,31.25,59.62,3.11,Normal,0.1584
2025-11-09 17:01:08,32.09,56.81,3.47,Normal,0.1522
2025-11-09 17:01:11,31.26,58.54,3.94,Normal,0.135
2025-11-09 17:01:13,30.61,58.42,3.44,Normal,0.1645
2025-11-09 17:01:15,30.35,58.54,3.41,Normal,0.165
2025-11-09 17:01:17,31.1,53.34,3.11,Normal,0.1713
2025-11-09 17:01:19,30.87,52.92,3.59,Normal,0.1625
2025-11-09 17:01:21,31.59,55.86,3.08,Normal,0.1664
2025-11-09 17:01:23,30.92,59.59,3.04,Normal,0.1633
2025-11-09 17:01:25,31.17,58.87,2.43,Normal,0.1478
2025-11-09 17:01:27,29.99,56.64,2.33,Normal,0.1691
2025-11-09 17:01:29,30.16,54.7,2.58,Normal,0.1795
2025-11-09 17:01:31,27.55,51.15,3.63,Normal,0.1274
2025-11-09 17:01:33,28.36,51.3,3.98,Normal,0.1412
2025-11-09 17:01:35,28.13,51.66,4.02,Normal,0.1271
2025-11-09 17:01:37,32.41,60.34,4.95,Normal,0.0398
2025-11-09 17:01:39,32.3,59.32,5.13,Normal,0.0261
2025-11-09 17:01:41,33.32,60.27,4.56,Normal,0.0322
2025-11-09 17:01:43,34.06,52.69,5.13,Anomaly,-0.0222
2025-11-09 17:01:45,32.83,52.9,4.36,Normal,0.08
2025-11-09 17:01:48,31.77,51.52,4.38,Normal,0.1044
2025-11-09 17:01:50,30.09,55.74,3.66,Normal,0.1684
2025-11-09 17:01:52,26.11,50.75,4.41,Normal,0.0406
2025-11-09 17:01:54,26.67,50.3,3.85,Normal,0.0835
2025-11-09 17:01:56,26.98,48.43,4.15,Normal,0.0677
2025-11-09 17:01:58,29.74,50.23,3.12,Normal,0.1649
2025-11-09 17:02:00,30.3,54.19,2.43,Normal,0.1724
2025-11-09 17:02:02,29.74,56.4,2.37,Normal,0.1669
2025-11-09 17:02:04,30.09,55.9,2.73,Normal,0.1799
2025-11-09 17:02:06,30.37,56.23,3.01,Normal,0.182
2025-11-09 17:02:08,29.07,56.86,3.16,Normal,0.1726
2025-11-09 17:02:10,29.42,57.68,3.88,Normal,0.1532
2025-11-09 17:02:12,29.62,56.73,3.39,Normal,0.1737
2025-11-09 17:02:14,30.06,55.31,2.99,Normal,0.1824
2025-11-09 17:02:16,29.96,54.83,2.42,Normal,0.1756
2025-11-09 17:02:18,30.56,51.0,2.56,Normal,0.1596
2025-11-09 17:02:20,31.01,51.54,2.76,Normal,0.1617
2025-11-09 17:02:23,30.54,51.43,2.76,Normal,0.1632
2025-11-09 17:02:25,29.54,55.7,2.48,Normal,0.1712
2025-11-09 17:02:27,30.27,56.48,2.74,Normal,0.1796
2025-11-09 17:02:29,30.01,56.48,2.33,Normal,0.1702
2025-11-09 17:02:31,30.88,54.16,2.52,Normal,0.1692
2025-11-09 17:02:33,30.11,55.08,2.61,Normal,0.1785
2025-11-09 17:02:35,30.57,56.45,2.81,Normal,0.1765
2025-11-09 17:02:37,29.53,55.13,2.85,Normal,0.1805
2025-11-09 17:02:39,30.58,56.89,3.18,Normal,0.1766
2025-11-09 17:02:41,30.47,55.24,3.76,Normal,0.1606
2025-11-09 17:02:43,31.66,56.6,3.84,Normal,0.1475
2025-11-09 17:02:45,30.67,54.79,3.52,Normal,0.1677
2025-11-09 17:02:47,30.72,53.0,3.27,Normal,0.1766
2025-11-09 17:02:49,30.11,49.18,3.28,Normal,0.1599
2025-11-09 17:02:51,31.23,47.67,2.65,Normal,0.1169
2025-11-09 17:02:53,31.98,48.71,3.4,Normal,0.1213
2025-11-09 17:02:55,31.15,52.22,3.26,Normal,0.1684
2025-11-09 17:02:57,30.36,54.48,3.82,Normal,0.1603
2025-11-09 17:02:59,30.72,55.66,3.41,Normal,0.1712
2025-11-09 17:03:01,28.11,53.81,4.87,Normal,0.0724
2025-11-09 17:03:03,28.64,51.0,4.17,Normal,0.1288
2025-11-09 17:03:06,28.44,49.08,4.24,Normal,0.1039
2025-11-09 17:03:08,25.86,47.71,4.43,Normal,0.0092
2025-11-09 17:03:10,26.76,48.46,4.24,Normal,0.0524
2025-11-09 17:03:12,26.46,50.5,3.97,Normal,0.0704
2025-11-09 17:03:14,28.82,55.0,3.49,Normal,0.1681
2025-11-09 17:03:16,29.12,52.08,3.35,Normal,0.1733
2025-11-09 17:03:18,28.83,49.21,3.4,Normal,0.1428
2025-11-09 17:03:20,29.65,48.67,2.58,Normal,0.141
2025-11-09 17:03:22,28.6,51.87,2.54,Normal,0.1563
2025-11-09 17:03:24,29.3,53.33,2.72,Normal,0.1742
2025-11-09 17:03:27,28.98,52.98,3.16,Normal,0.1812
2025-11-09 17:03:29,29.18,53.17,3.27,Normal,0.1825
2025-11-09 17:03:31,29.37,52.37,2.89,Normal,0.1794
2025-11-09 17:03:33,28.79,50.26,2.83,Normal,0.1525
2025-11-09 17:03:35,27.83,49.64,3.01,Normal,0.1304
2025-11-09 17:03:37,27.83,48.61,3.62,Normal,0.1095
2025-11-09 17:03:39,28.69,49.52,2.99,Normal,0.1507
2025-11-09 17:03:41,28.76,49.23,2.73,Normal,0.1378
2025-11-09 17:03:43,28.53,51.79,2.39,Normal,0.154
2025-11-09 17:03:45,28.12,55.72,2.87,Normal,0.1611
2025-11-09 17:03:48,29.23,57.85,3.24,Normal,0.1703
2025-11-09 17:03:50,29.87,58.69,2.82,Normal,0.1713
2025-11-09 17:03:52,31.68,58.51,2.5,Normal,0.1471
2025-11-09 17:03:54,30.95,54.96,3.38,Normal,0.1677
2025-11-09 17:03:56,30.16,54.52,3.61,Normal,0.1691
2025-11-09 17:03:58,30.86,54.04,3.66,Normal,0.1605
2025-11-09 17:04:00,31.72,56.6,3.12,Normal,0.1652
2025-11-09 17:04:02,30.03,58.29,3.53,Normal,0.1616
2025-11-09 17:04:04,29.04,59.03,3.55,Normal,0.1555
2025-11-09 17:04:06,28.65,55.66,3.47,Normal,0.1621
2025-11-09 17:04:08,28.98,56.38,3.3,Normal,0.1748
2025-11-09 17:04:10,29.62,56.38,3.2,Normal,0.18
2025-11-09 17:04:12,30.62,59.07,3.35,Normal,0.1625
2025-11-09 17:04:14,30.39,57.93,2.87,Normal,0.1732
2025-11-09 17:04:16,30.36,54.66,2.58,Normal,0.1781
2025-11-09 17:04:18,29.94,55.02,2.86,Normal,0.1828
2025-11-09 17:04:20,29.94,54.16,2.61,Normal,0.1776
2025-11-09 17:04:22,30.13,54.09,2.62,Normal,0.1767
2025-11-09 17:04:24,30.59,52.07,2.52,Normal,0.1677
2025-11-09 17:04:26,29.49,52.89,2.89,Normal,0.1813
2025-11-09 17:04:28,28.68,51.73,3.46,Normal,0.1606
2025-11-09 17:04:30,27.76,52.84,3.65,Normal,0.1442
2025-11-09 17:04:32,28.38,50.74,3.79,Normal,0.1405
2025-11-09 17:04:34,29.12,54.07,3.69,Normal,0.1616
2025-11-09 17:04:36,30.88,52.3,4.1,Normal,0.1433
2025-11-09 17:04:38,31.33,53.79,3.19,Normal,0.1695
2025-11-09 17:39:27,32.46,51.65,3.0,Normal,0.1422
2025-11-09 17:39:29,36.69,51.32,3.42,Anomaly,-0.0403
2025-11-09 17:39:31,34.62,50.75,3.53,Normal,0.0157
2025-11-09 17:39:33,37.87,47.62,4.17,Anomaly,-0.0747
2025-11-09 17:39:35,33.57,49.78,3.71,Normal,0.0765
2025-11-09 17:39:37,33.5,56.31,3.48,Normal,0.0998
2025-11-09 17:39:39,31.07,56.57,3.14,Normal,0.1732
2025-11-09 17:39:41,30.32,58.62,3.01,Normal,0.177
2025-11-09 17:39:43,30.17,58.58,3.27,Normal,0.1733
2025-11-09 17:39:45,26.12,61.14,4.31,Normal,0.0233
2025-11-09 17:39:47,25.8,58.1,3.68,Normal,0.0554
2025-11-09 17:39:49,25.53,57.59,3.69,Normal,0.052
2025-11-09 17:39:51,27.93,55.0,3.42,Normal,0.1477
2025-11-09 17:39:53,27.72,56.27,3.49,Normal,0.1379
2025-11-09 17:39:55,28.2,52.21,3.19,Normal,0.1567
2025-11-09 17:39:57,28.13,53.05,3.39,Normal,0.1528
2025-11-09 17:39:59,27.85,53.91,3.13,Normal,0.1521
2025-11-09 17:40:01,28.47,53.42,2.91,Normal,0.1661
2025-11-09 17:40:03,29.88,51.54,2.5,Normal,0.1644
2025-11-09 17:40:05,29.33,51.87,2.62,Normal,0.1713
2025-11-09 17:40:07,28.63,53.45,2.66,Normal,0.1647
2025-11-09 17:40:09,28.16,55.74,2.94,Normal,0.1634
2025-11-09 17:40:11,28.5,55.99,3.27,Normal,0.1635
2025-11-09 17:40:13,28.99,55.81,3.11,Normal,0.1771
2025-11-09 17:40:15,29.28,60.21,3.48,Normal,0.1578
2025-11-09 17:40:17,34.4,60.67,4.23,Normal,0.0041
2025-11-09 17:40:20,33.9,62.15,3.75,Normal,0.037
2025-11-09 17:40:22,33.07,58.11,3.14,Normal,0.1137
2025-11-09 17:40:24,31.28,55.54,2.33,Normal,0.1595
2025-11-09 17:40:26,30.23,55.19,2.16,Normal,0.1655
2025-11-09 17:40:28,29.71,56.34,2.7,Normal,0.1724
2025-11-09 17:40:30,27.79,56.69,3.18,Normal,0.1437
2025-11-09 17:40:32,28.92,58.47,2.83,Normal,0.1634
2025-11-09 17:40:34,28.21,56.78,2.19,Normal,0.1397
2025-11-09 17:40:36,28.82,55.96,1.8,Normal,0.1348
2025-11-09 17:40:38,28.19,54.35,2.74,Normal,0.1584
2025-11-09 17:40:40,28.81,56.21,3.26,Normal,0.171
2025-11-09 17:40:42,24.98,55.2,4.75,Normal,0.0021
2025-11-09 17:40:44,26.06,55.24,3.94,Normal,0.0678
2025-11-09 17:40:46,26.36,56.52,3.68,Normal,0.0849
2025-11-09 17:40:48,28.86,57.94,3.14,Normal,0.166
2025-11-09 17:40:50,29.06,58.5,3.44,Normal,0.162
2025-11-09 17:40:52,26.11,62.57,4.75,Anomaly,-0.0198
2025-11-09 17:40:54,26.94,60.38,4.88,Normal,0.0307
2025-11-09 17:40:56,30.69,65.7,6.06,Anomaly,-0.0576
2025-11-09 17:40:58,31.79,62.58,4.9,Normal,0.0253
2025-11-09 17:41:00,32.27,61.9,4.78,Normal,0.0316
2025-11-09 17:41:02,30.73,55.53,3.31,Normal,0.1751
2025-11-09 17:41:04,30.57,54.39,3.36,Normal,0.1713
2025-11-09 17:41:06,31.13,52.34,3.11,Normal,0.1699
2025-11-09 17:41:08,31.27,53.5,3.7,Normal,0.1543
2025-11-09 17:41:10,31.53,54.78,2.87,Normal,0.1681
2025-11-09 17:41:12,30.75,52.44,2.63,Normal,0.1676
2025-11-09 17:41:14,30.89,54.71,2.11,Normal,0.1565
2025-11-09 17:41:16,30.35,55.69,2.37,Normal,0.1732
2025-11-09 17:41:18,31.1,57.44,2.78,Normal,0.1626
2025-11-09 17:41:20,31.34,56.59,3.23,Normal,0.1729
2025-11-09 17:41:22,31.59,58.09,3.48,Normal,0.1521
2025-11-09 17:41:24,30.71,58.68,3.66,Normal,0.157
2025-11-09 17:41:27,31.55,54.51,3.57,Normal,0.1588
2025-11-09 17:41:29,32.26,53.86,3.22,Normal,0.1482
2025-11-09 17:41:31,32.64,51.79,3.15,Normal,0.1306
2025-11-09 17:41:33,31.66,54.4,2.85,Normal,0.1642
2025-11-09 17:41:35,30.48,52.75,3.25,Normal,0.1775
2025-11-09 17:41:37,29.74,54.71,3.17,Normal,0.1816
2025-11-09 17:41:39,28.26,54.85,3.61,Normal,0.1538
2025-11-09 17:41:41,28.64,54.0,3.73,Normal,0.1524
2025-11-09 17:41:43,28.04,54.79,3.04,Normal,0.1624
2025-11-09 17:41:45,29.43,53.05,2.84,Normal,0.1821
2025-11-09 17:41:47,28.9,53.28,2.63,Normal,0.1709
2025-11-09 17:41:49,29.44,55.22,2.66,Normal,0.1767
2025-11-09 17:41:51,28.85,55.77,2.31,Normal,0.1561
2025-11-09 17:41:53,28.46,53.25,2.71,Normal,0.1625
2025-11-09 17:41:55,32.73,54.18,3.85,Normal,0.1136
2025-11-09 17:41:57,33.52,54.79,4.21,Normal,0.0639
2025-11-09 17:42:00,34.74,55.11,4.14,Normal,0.0031
2025-11-09 17:42:02,29.3,54.81,4.55,Normal,0.1254
2025-11-09 17:42:04,27.57,56.08,4.19,Normal,0.1105
2025-11-09 17:42:06,28.94,56.81,4.1,Normal,0.1396
2025-11-09 17:42:08,31.15,51.24,3.38,Normal,0.1592
2025-11-09 17:42:10,31.95,53.12,2.81,Normal,0.1608
2025-11-09 17:42:12,32.31,54.9,3.54,Normal,0.1434
2025-11-09 17:42:14,31.84,56.92,3.13,Normal,0.1623
2025-11-09 17:42:16,30.7,56.92,3.5,Normal,0.1661
2025-11-09 17:42:18,29.3,55.44,2.67,Normal,0.1765
2025-11-09 17:42:20,29.44,53.57,3.12,Normal,0.1777
2025-11-09 17:42:22,29.38,53.71,3.23,Normal,0.1799
2025-11-09 17:42:24,30.02,52.22,3.67,Normal,0.1642
2025-11-09 17:42:26,30.0,54.24,3.8,Normal,0.1574
2025-11-09 17:42:28,29.41,53.67,3.66,Normal,0.169
2025-11-09 17:42:30,29.7,53.84,3.15,Normal,0.1815
2025-11-09 17:42:32,32.93,53.03,4.77,Normal,0.0555
2025-11-09 17:42:35,33.42,53.5,3.67,Normal,0.0988
2025-11-09 17:42:37,33.08,52.87,3.22,Normal,0.1232
2025-11-09 17:42:39,31.34,52.45,2.09,Normal,0.1482
2025-11-09 17:42:41,30.59,51.46,2.33,Normal,0.1589
2025-11-09 17:42:43,31.01,50.01,2.72,Normal,0.1443
2025-11-09 17:42:45,30.48,47.28,2.75,Normal,0.1126
2025-11-09 17:42:47,30.17,47.79,3.04,Normal,0.1356
2025-11-09 17:42:49,29.15,51.21,2.94,Normal,0.1743
2025-11-09 17:42:51,28.79,54.59,3.11,Normal,0.1733
2025-11-09 17:42:53,29.55,55.62,3.22,Normal,0.1806
2025-11-09 17:42:55,29.62,54.52,3.37,Normal,0.179
2025-11-09 17:42:57,28.65,54.97,3.09,Normal,0.1703
2025-11-09 17:42:59,27.56,56.93,2.83,Normal,0.1415
2025-11-09 17:43:01,26.6,55.31,2.67,Normal,0.1208
2025-11-09 17:43:03,27.58,53.18,3.05,Normal,0.1491
2025-11-09 17:43:05,28.52,51.73,3.48,Normal,0.154
2025-11-09 17:43:07,29.09,55.21,3.56,Normal,0.1699
2025-11-09 17:43:09,29.87,56.93,3.13,Normal,0.1767
2025-11-09 17:43:11,29.98,57.88,3.45,Normal,0.1674
2025-11-09 17:43:13,31.5,55.74,3.32,Normal,0.1683
2025-11-09 17:43:15,31.05,55.6,3.34,Normal,0.1689
2025-11-09 17:43:17,30.68,53.81,3.23,Normal,0.1757
2025-11-09 17:43:19,30.15,52.76,3.34,Normal,0.1768
2025-11-09 17:43:21,29.03,53.04,3.68,Normal,0.1672
2025-11-09 17:43:23,28.71,56.32,4.04,Normal,0.1376
2025-11-09 17:43:25,28.99,55.83,3.91,Normal,0.1496
2025-11-09 17:43:27,28.95,55.52,3.4,Normal,0.1694
2025-11-09 17:43:29,29.22,55.48,2.62,Normal,0.1759
2025-11-09 17:43:31,28.72,57.01,2.28,Normal,0.1497
2025-11-09 17:43:33,28.84,56.78,2.23,Normal,0.1511
2025-11-09 17:43:35,30.31,55.76,2.63,Normal,0.1793
2025-11-09 17:43:37,30.3,55.93,3.34,Normal,0.1769
2025-11-09 17:43:39,30.1,54.35,3.87,Normal,0.1581
2025-11-09 17:43:41,26.32,58.8,4.66,Normal,0.0213
2025-11-09 17:43:43,26.75,58.14,4.32,Normal,0.0685
2025-11-09 17:43:45,28.1,57.79,3.77,Normal,0.1308
2025-11-09 17:43:47,30.75,53.12,3.68,Normal,0.1599
2025-11-09 17:43:49,31.09,51.44,3.46,Normal,0.158
2025-11-09 17:43:51,31.24,50.61,3.36,Normal,0.1525
2025-11-09 17:43:53,31.56,53.15,2.58,Normal,0.1592
2025-11-09 17:43:55,30.03,53.65,2.67,Normal,0.1718
2025-11-09 17:43:57,29.59,56.09,3.09,Normal,0.1811
2025-11-09 17:43:59,29.35,55.17,3.51,Normal,0.1728
2025-11-09 17:44:01,30.04,52.73,3.57,Normal,0.1696
2025-11-09 17:44:03,30.09,52.72,3.56,Normal,0.1703
2025-11-09 17:44:05,29.49,53.76,3.32,Normal,0.1782
2025-11-09 17:44:07,29.73,52.95,3.35,Normal,0.1758
2025-11-09 17:44:09,28.9,54.08,2.7,Normal,0.1704
2025-11-09 17:44:11,33.73,53.57,3.92,Normal,0.0659
2025-11-09 17:44:13,28.74,54.28,5.99,Normal,0.0091
2025-11-09 17:44:15,30.48,56.02,5.58,Normal,0.0226
2025-11-09 17:44:17,29.01,55.77,4.49,Normal,0.1201
2025-11-09 17:44:19,31.97,55.21,3.09,Normal,0.163
2025-11-09 17:44:21,31.51,52.15,3.06,Normal,0.1628
2025-11-09 17:44:23,31.03,51.65,2.85,Normal,0.1689
2025-11-09 17:44:25,30.06,49.37,3.3,Normal,0.163
2025-11-09 17:44:27,26.62,49.31,4.85,Normal,0.0153
2025-11-09 17:44:29,26.33,49.5,4.53,Normal,0.0289
2025-11-09 17:44:31,26.86,52.61,4.17,Normal,0.0895
2025-11-09 17:44:33,29.13,54.39,2.89,Normal,0.1794
2025-11-09 17:44:35,26.59,55.5,4.31,Normal,0.0712
2025-11-09 17:44:37,28.03,50.35,3.81,Normal,0.1278
2025-11-09 17:44:39,26.58,52.9,4.27,Normal,0.0714
2025-11-09 17:44:41,27.84,56.68,3.67,Normal,0.1325
2025-11-09 17:44:43,27.12,59.59,4.13,Normal,0.0891
2025-11-09 17:44:45,27.51,58.08,3.69,Normal,0.1181
2025-11-09 17:44:47,31.76,55.91,4.96,Normal,0.064
2025-11-09 17:44:49,31.39,54.39,4.17,Normal,0.1341
2025-11-09 17:44:51,32.61,52.71,3.93,Normal,0.115
2025-11-09 17:44:53,31.08,52.64,2.75,Normal,0.1685
2025-11-09 17:44:55,31.35,55.89,2.94,Normal,0.1728
2025-11-09 17:44:57,30.87,56.57,3.61,Normal,0.1671
2025-11-09 17:44:59,29.72,56.28,3.36,Normal,0.1745
2025-11-09 17:45:01,28.8,55.37,3.1,Normal,0.1726
2025-11-09 17:45:03,29.6,55.14,3.24,Normal,0.1816
2025-11-09 17:45:05,30.44,53.23,3.27,Normal,0.1798
2025-11-09 17:45:07,30.89,53.23,3.25,Normal,0.1757
2025-11-09 17:45:09,30.33,52.03,2.91,Normal,0.177
2025-11-09 17:45:11,30.22,56.73,2.47,Normal,0.171
2025-11-09 17:45:13,30.43,57.93,2.34,Normal,0.1613
2025-11-09 17:45:15,31.12,60.79,2.34,Normal,0.1376
2025-11-09 17:45:17,30.5,57.59,2.63,Normal,0.1708
2025-11-09 17:45:19,28.84,58.79,2.89,Normal,0.1605
2025-11-09 17:45:21,28.14,60.14,2.68,Normal,0.1355
2025-11-09 17:45:23,28.35,59.76,2.82,Normal,0.1464
2025-11-09 17:45:25,33.24,62.03,3.92,Normal,0.0586
2025-11-09 17:45:27,33.36,58.11,3.72,Normal,0.0862
2025-11-09 17:45:29,33.53,58.88,4.46,Normal,0.0386
2025-11-09 17:45:31,30.46,56.99,3.62,Normal,0.1686
2025-11-09 17:45:33,30.77,55.88,3.79,Normal,0.1571
2025-11-09 17:45:35,27.02,55.85,4.51,Normal,0.0765
2025-11-09 17:45:37,27.29,53.57,4.54,Normal,0.0787
2025-11-09 17:45:39,27.13,53.19,4.72,Normal,0.0713
2025-11-09 17:45:41,29.89,55.57,3.48,Normal,0.1699
2025-11-09 17:45:43,30.4,54.87,3.48,Normal,0.1701
2025-11-09 17:45:45,27.02,55.03,5.19,Normal,0.0309
2025-11-09 17:45:47,26.75,55.32,4.95,Normal,0.0419
2025-11-09 17:45:49,27.18,56.28,4.41,Normal,0.0847
2025-11-09 17:45:51,28.71,54.44,3.39,Normal,0.1658
2025-11-09 17:45:53,26.45,55.89,4.35,Normal,0.0603
2025-11-09 17:45:55,26.29,57.22,3.89,Normal,0.0723
2025-11-09 17:45:57,26.41,58.02,3.13,Normal,0.0907
2025-11-09 17:45:59,28.18,59.16,2.73,Normal,0.1464
2025-11-09 17:46:01,29.18,56.8,2.63,Normal,0.1715
2025-11-09 17:46:03,29.6,53.97,3.11,Normal,0.1828
2025-11-09 17:46:05,29.3,51.46,3.14,Normal,0.1756
2025-11-09 17:46:07,29.48,53.02,2.86,Normal,0.1833
2025-11-09 17:46:09,29.55,52.86,3.06,Normal,0.1821
2025-11-09 17:46:11,29.11,52.34,3.09,Normal,0.1769
2025-11-09 17:46:13,28.78,50.59,2.92,Normal,0.1538
2025-11-09 17:46:15,29.14,52.11,2.53,Normal,0.1685
2025-11-09 17:46:17,30.82,52.2,2.7,Normal,0.1677
2025-11-09 17:46:19,31.45,52.18,2.54,Normal,0.1563
2025-11-09 17:46:21,28.51,58.34,4.03,Normal,0.1255
2025-11-09 17:46:23,27.57,60.87,4.07,Normal,0.0865
2025-11-09 17:46:25,27.69,58.53,4.08,Normal,0.1047
2025-11-09 17:46:27,28.85,55.33,2.99,Normal,0.1748
2025-11-09 17:46:29,28.75,51.28,3.18,Normal,0.1668
2025-11-09 17:46:31,29.76,53.06,3.58,Normal,0.1711
2025-11-09 17:46:33,31.78,50.32,3.6,Normal,0.1415
2025-11-09 17:46:35,30.78,52.39,3.14,Normal,0.1747
2025-11-09 17:46:37,30.02,55.69,2.53,Normal,0.1755
2025-11-09 17:46:39,30.09,54.77,2.67,Normal,0.1793
2025-11-09 17:46:41,30.14,54.7,2.88,Normal,0.1827
2025-11-09 17:46:43,29.86,55.03,3.06,Normal,0.1814
2025-11-09 17:46:45,29.18,56.02,2.87,Normal,0.1777
2025-11-09 17:46:47,29.61,56.98,2.72,Normal,0.1729
2025-11-09 17:46:49,29.75,56.82,2.72,Normal,0.1717
2025-11-09 17:46:51,28.92,56.65,2.15,Normal,0.1511
2025-11-09 17:46:53,28.86,55.67,2.13,Normal,0.1521
2025-11-09 17:46:55,29.33,56.37,1.89,Normal,0.1436
2025-11-09 17:46:57,28.96,54.79,2.78,Normal,0.1742
2025-11-09 17:46:59,29.7,53.94,2.79,Normal,0.1779
2025-11-09 17:47:01,28.45,54.34,3.39,Normal,0.1605
2025-11-09 17:47:03,27.55,58.95,4.69,Normal,0.0584
2025-11-09 17:47:05,27.65,58.43,4.3,Normal,0.0945
2025-11-09 17:47:07,29.72,57.16,3.51,Normal,0.1671
2025-11-09 17:47:09,30.75,55.67,2.2,Normal,0.1632
2025-11-09 17:47:11,35.88,54.52,2.7,Anomaly,-0.003
2025-11-09 17:47:13,31.88,57.97,3.36,Normal,0.1499
2025-11-09 17:47:15,30.9,54.67,3.46,Normal,0.169
2025-11-09 17:47:17,29.17,56.31,3.26,Normal,0.177
2025-11-09 17:47:19,29.06,52.09,2.95,Normal,0.1765
2025-11-09 17:47:21,29.49,52.52,2.99,Normal,0.1808
2025-11-09 17:47:23,28.61,52.25,2.54,Normal,0.1581
2025-11-09 17:47:25,28.82,52.67,3.23,Normal,0.1792
2025-11-09 17:47:27,29.66,49.96,3.32,Normal,0.1647
2025-11-09 17:47:29,33.82,56.22,4.37,Normal,0.0355
2025-11-09 17:47:31,36.36,56.51,5.32,Anomaly,-0.1004
2025-11-09 17:47:33,34.65,58.41,5.11,Anomaly,-0.0606
2025-11-09 17:47:35,36.95,55.22,5.71,Anomaly,-0.1185
2025-11-09 17:47:37,33.29,55.28,5.39,Anomaly,-0.0177
2025-11-09 17:47:39,31.92,55.88,5.0,Normal,0.0589
2025-11-09 17:47:41,30.21,58.0,4.01,Normal,0.1483
2025-11-09 17:47:43,30.31,59.52,3.26,Normal,0.1728
2025-11-09 17:47:46,30.75,56.82,3.32,Normal,0.172
2025-11-09 17:47:48,29.16,55.99,3.2,Normal,0.1764
2025-11-09 17:47:50,28.9,55.45,3.68,Normal,0.1618
2025-11-09 17:47:52,29.92,55.52,3.26,Normal,0.1795
2025-11-09 17:47:54,31.98,54.73,3.32,Normal,0.1582
2025-11-09 17:47:56,31.76,51.06,3.22,Normal,0.1507
2025-11-09 17:47:58,31.61,50.71,3.18,Normal,0.1486
2025-11-09 17:48:00,30.73,51.05,3.26,Normal,0.1661
2025-11-09 17:48:02,30.0,50.41,3.7,Normal,0.1519
2025-11-09 17:48:04,29.3,53.1,3.43,Normal,0.1781
2025-11-09 17:48:06,29.93,55.46,3.0,Normal,0.1813
2025-11-09 17:48:08,29.4,54.93,2.98,Normal,0.1843
2025-11-09 17:48:10,29.45,51.2,3.0,Normal,0.176
2025-11-09 17:48:12,29.64,52.32,3.33,Normal,0.1785
2025-11-09 17:48:14,29.34,55.2,2.55,Normal,0.1751
2025-11-09 17:48:16,28.52,57.88,2.51,Normal,0.1503
2025-11-09 17:48:18,28.16,56.98,2.39,Normal,0.1461
2025-11-09 17:48:20,28.53,56.3,3.25,Normal,0.1633
2025-11-09 17:48:22,28.37,53.99,3.02,Normal,0.1687
2025-11-09 17:48:24,27.77,56.86,3.53,Normal,0.1345
2025-11-09 17:48:26,28.31,57.98,3.42,Normal,0.1494
2025-11-09 17:48:28,28.1,58.95,3.37,Normal,0.1382
2025-11-09 17:48:30,29.96,55.83,3.49,Normal,0.1706
2025-11-09 17:48:32,29.7,54.4,3.25,Normal,0.1825
2025-11-09 17:48:34,30.01,55.94,3.46,Normal,0.1707
2025-11-09 17:48:36,30.61,58.75,2.92,Normal,0.1705
2025-11-09 17:48:38,30.83,58.63,3.26,Normal,0.1621
2025-11-09 17:48:40,31.73,60.09,2.98,Normal,0.1514
2025-11-09 17:48:42,28.54,53.85,4.15,Normal,0.1344
2025-11-09 17:48:44,28.8,55.18,3.32,Normal,0.1742
2025-11-09 17:48:46,28.82,54.66,3.33,Normal,0.1748
2025-11-09 17:48:48,30.06,56.44,3.12,Normal,0.1809
2025-11-09 19:52:42,26.22,54.17,4.49,Normal,0.0548
2025-11-09 19:52:44,26.97,52.09,4.42,Normal,0.0784
2025-11-09 19:52:46,28.0,52.67,4.42,Normal,0.1074
2025-11-09 19:52:48,30.68,54.37,3.77,Normal,0.1578
2025-11-09 19:52:50,30.37,57.18,3.13,Normal,0.1775
2025-11-09 19:52:52,30.17,58.07,3.35,Normal,0.1715
2025-11-09 19:52:54,29.81,59.01,3.24,Normal,0.1723
2025-11-09 19:52:56,29.8,55.9,3.12,Normal,0.1788
2025-11-09 19:52:58,32.91,55.17,4.23,Normal,0.0856
2025-11-09 19:53:00,32.2,57.19,4.04,Normal,0.1191
2025-11-09 19:53:02,32.44,59.24,4.22,Normal,0.0938
2025-11-09 19:53:04,31.63,58.19,3.18,Normal,0.1562
2025-11-09 19:53:06,30.34,55.37,3.4,Normal,0.1758
2025-11-09 19:53:08,30.34,56.33,3.23,Normal,0.1817
2025-11-09 19:53:10,30.86,54.54,2.83,Normal,0.1772
2025-11-09 19:53:12,31.56,54.26,2.68,Normal,0.1583
2025-11-09 19:53:14,31.31,52.59,2.61,Normal,0.1643
2025-11-09 19:53:16,30.75,52.82,2.76,Normal,0.1717
2025-11-09 19:53:18,28.96,56.79,2.5,Normal,0.1626
2025-11-09 19:53:20,28.83,61.26,2.63,Normal,0.132
2025-11-09 19:53:22,26.57,60.55,4.05,Normal,0.0615
2025-11-09 19:53:24,25.89,57.02,4.27,Normal,0.0423
2025-11-09 19:53:26,25.97,55.2,4.17,Normal,0.0633
2025-11-09 19:53:28,27.17,55.08,3.92,Normal,0.1131
2025-11-09 19:53:30,28.46,55.94,3.37,Normal,0.1598
2025-11-09 19:53:32,29.1,54.01,3.09,Normal,0.1786
2025-11-09 19:53:34,29.13,53.77,3.02,Normal,0.179
2025-11-09 19:53:36,28.81,54.67,3.69,Normal,0.1597
2025-11-09 19:53:38,28.75,55.45,3.59,Normal,0.1617
2025-11-09 19:53:40,29.28,53.31,3.16,Normal,0.1817
2025-11-09 19:53:42,29.37,52.45,3.05,Normal,0.1809
2025-11-09 19:53:44,29.67,56.49,3.18,Normal,0.1811
2025-11-09 19:53:46,26.35,59.57,4.29,Normal,0.0489
2025-11-09 19:53:48,27.66,57.97,4.58,Normal,0.0784
2025-11-09 19:53:50,28.48,55.85,4.4,Normal,0.1148
2025-11-09 19:53:52,30.96,53.53,4.24,Normal,0.1297
2025-11-09 19:53:54,31.21,55.86,4.19,Normal,0.1341
2025-11-09 19:53:56,31.39,55.42,3.97,Normal,0.1464
2025-11-09 19:53:58,30.77,57.45,3.79,Normal,0.1546
2025-11-09 19:54:00,26.45,53.43,5.1,Normal,0.0187
2025-11-09 19:54:02,26.34,53.65,4.72,Normal,0.0432
2025-11-09 19:54:04,26.81,53.94,4.42,Normal,0.0731
2025-11-09 19:54:06,29.07,55.27,3.22,Normal,0.1775
2025-11-09 22:00:51,29.65,54.44,3.35,Normal,0.1763
2025-11-09 22:00:53,29.81,54.93,3.48,Normal,0.1712
2025-11-09 22:00:55,34.77,52.13,4.92,Anomaly,-0.0327
2025-11-09 22:00:57,33.95,51.91,4.87,Normal,0.0007
2025-11-09 22:00:59,34.03,52.47,4.57,Normal,0.0151
2025-11-09 22:01:01,30.39,56.73,3.52,Normal,0.1677
2025-11-09 22:01:03,30.41,58.37,3.09,Normal,0.1739
2025-11-09 22:01:05,29.58,56.3,3.45,Normal,0.1746
2025-11-09 22:01:07,30.6,53.78,3.44,Normal,0.1685
2025-11-09 22:01:09,30.14,52.64,3.93,Normal,0.1584
2025-11-09 22:01:11,30.29,54.16,3.8,Normal,0.1587
2025-11-09 22:01:13,34.34,48.88,5.21,Anomaly,-0.0584
2025-11-09 22:01:15,33.74,50.98,4.81,Normal,0.0133
2025-11-09 22:01:17,35.12,51.7,4.64,Anomaly,-0.0411
2025-11-09 22:01:19,31.99,54.16,3.36,Normal,0.1506
2025-11-09 22:01:21,31.95,52.47,3.47,Normal,0.1524
2025-11-09 22:01:23,29.67,53.9,3.09,Normal,0.1816
2025-11-09 22:01:25,30.45,54.2,3.17,Normal,0.1776
2025-11-09 22:01:27,26.89,51.12,4.23,Normal,0.0824
2025-11-09 22:01:29,28.26,50.62,4.05,Normal,0.1208
2025-11-09 22:01:31,27.46,49.11,4.42,Normal,0.0685
2025-11-09 22:01:33,29.36,53.24,3.77,Normal,0.163
2025-11-09 22:01:35,29.65,54.12,3.56,Normal,0.1679
2025-11-09 22:01:37,30.13,54.14,3.02,Normal,0.1805
2025-11-09 22:01:39,30.43,52.78,2.77,Normal,0.1759
2025-11-09 22:01:41,29.53,55.43,2.69,Normal,0.1765
2025-11-09 22:01:43,30.91,56.85,2.85,Normal,0.1709
2025-11-09 22:01:45,31.11,54.66,2.94,Normal,0.173
2025-11-09 22:01:47,31.5,54.84,3.06,Normal,0.1694
2025-11-09 22:01:49,30.51,52.63,3.37,Normal,0.1709
2025-11-09 22:01:51,29.89,57.3,3.06,Normal,0.1785
2025-11-09 22:01:53,29.34,56.31,2.96,Normal,0.1789
2025-11-09 22:01:55,29.91,55.28,3.05,Normal,0.1833
2025-11-09 22:01:57,30.54,53.39,3.34,Normal,0.1701
2025-11-09 22:01:59,30.91,53.14,3.87,Normal,0.1486
2025-11-09 22:02:01,29.34,54.46,3.69,Normal,0.1697
2025-11-09 22:02:03,30.18,54.57,3.33,Normal,0.1771
2025-11-09 22:02:05,30.03,53.5,3.5,Normal,0.1636
2025-11-09 22:02:07,31.04,53.07,3.08,Normal,0.1749
2025-11-09 22:02:09,30.41,53.55,3.49,Normal,0.1664
2025-11-09 22:02:11,30.57,53.48,3.06,Normal,0.1751
2025-11-09 22:02:13,29.04,55.78,3.06,Normal,0.1778
2025-11-09 22:02:15,29.51,55.66,2.49,Normal,0.1722
2025-11-09 22:02:17,29.5,57.65,2.36,Normal,0.1613
2025-11-09 22:02:19,29.88,56.26,2.54,Normal,0.1734
2025-11-09 22:02:21,29.76,56.02,2.25,Normal,0.1628
2025-11-09 22:02:23,28.74,53.84,2.32,Normal,0.1574
2025-11-09 22:02:25,29.4,53.12,2.46,Normal,0.1713
2025-11-09 22:02:27,29.73,53.57,2.77,Normal,0.1735
2025-11-09 22:02:29,30.25,55.01,2.35,Normal,0.1738
2025-11-09 22:02:31,30.06,53.49,2.74,Normal,0.175
2025-11-09 22:02:33,29.17,52.99,2.79,Normal,0.178
2025-11-09 22:02:35,29.3,50.48,2.96,Normal,0.1679
2025-11-09 22:02:37,29.44,53.9,2.97,Normal,0.1812
2025-11-09 22:02:39,30.3,55.19,2.84,Normal,0.1825
2025-11-09 22:02:41,30.42,56.05,2.82,Normal,0.1799
2025-11-09 22:02:43,31.52,53.85,2.47,Normal,0.1569
2025-11-09 22:02:45,31.61,55.31,3.06,Normal,0.1673
2025-11-09 22:02:47,31.43,55.13,3.27,Normal,0.1694
2025-11-09 22:02:49,30.71,54.84,3.54,Normal,0.1681
2025-11-09 22:02:51,30.91,56.46,3.03,Normal,0.1772
2025-11-09 22:02:53,30.35,54.74,2.83,Normal,0.1823
2025-11-09 22:02:55,27.32,57.52,4.09,Normal,0.1016
2025-11-09 22:02:57,26.54,56.47,4.33,Normal,0.0631
2025-11-09 22:02:59,26.74,53.8,4.23,Normal,0.0804
2025-11-09 22:03:01,28.96,54.6,3.49,Normal,0.1699
2025-11-09 22:03:03,30.33,55.77,2.91,Normal,0.183
2025-11-09 22:03:05,31.21,57.21,2.77,Normal,0.1625
2025-11-11 13:13:54,31.66,54.96,2.26,Normal,0.1541
2025-11-11 13:13:56,32.36,56.28,2.81,Normal,0.1503
2025-11-11 13:13:58,31.52,53.31,3.19,Normal,0.1653
2025-11-11 13:14:00,31.95,52.48,3.39,Normal,0.1524
2025-11-11 13:14:02,30.72,53.52,2.83,Normal,0.1743
2025-11-11 13:14:04,34.66,48.17,3.28,Normal,0.0053
2025-11-11 13:14:06,32.56,49.72,3.14,Normal,0.1238
2025-11-11 13:14:08,32.3,49.79,2.98,Normal,0.1336
2025-11-11 13:14:10,29.86,54.01,2.75,Normal,0.1762
2025-11-11 13:14:12,31.34,53.8,2.67,Normal,0.1632
2025-11-11 13:14:14,31.1,55.1,2.85,Normal,0.1702
2025-11-11 13:14:16,30.76,54.69,3.04,Normal,0.1786
2025-11-11 13:14:18,30.63,53.34,3.09,Normal,0.1757
2025-11-11 13:14:20,31.73,54.21,2.85,Normal,0.1616
2025-11-11 13:14:22,32.28,54.31,2.62,Normal,0.1446
2025-11-11 13:14:24,32.41,54.5,3.3,Normal,0.1497
2025-11-11 13:14:26,35.11,50.68,4.66,Anomaly,-0.0473
2025-11-11 13:14:28,34.07,51.99,4.85,Anomaly,-0.0054
2025-11-11 13:14:30,32.85,53.02,3.95,Normal,0.1053
2025-11-11 13:14:32,31.03,54.71,2.96,Normal,0.1745
2025-11-11 13:14:34,31.46,53.13,3.03,Normal,0.1696
2025-11-11 13:14:36,30.76,51.59,2.56,Normal,0.1605
2025-11-11 13:14:38,28.4,54.14,3.36,Normal,0.1616
2025-11-11 13:14:40,28.0,55.28,3.27,Normal,0.16
2025-11-11 13:14:42,29.76,55.53,2.62,Normal,0.1757
2025-11-11 13:14:44,29.73,54.83,2.38,Normal,0.173
2025-11-11 13:14:46,34.11,56.42,3.85,Normal,0.043
2025-11-11 13:14:48,35.8,56.0,5.49,Anomaly,-0.1026
2025-11-11 13:14:50,36.48,56.27,5.85,Anomaly,-0.124
2025-11-11 13:14:52,34.57,57.0,4.79,Anomaly,-0.027
2025-11-11 13:14:54,31.82,57.3,3.55,Normal,0.1528
2025-11-11 13:14:56,30.77,56.54,3.42,Normal,0.1696
2025-11-11 13:14:58,29.17,57.41,3.66,Normal,0.166
2025-11-11 13:15:00,28.63,56.4,3.57,Normal,0.1566
2025-11-11 13:15:02,29.38,56.86,3.5,Normal,0.1695
2025-11-11 13:15:04,29.69,54.44,3.19,Normal,0.1826
2025-11-11 13:15:06,30.94,54.03,3.13,Normal,0.1737
2025-11-11 13:15:08,30.81,55.21,2.85,Normal,0.1783
2025-11-11 13:15:10,31.53,55.13,3.0,Normal,0.1725
2025-11-11 13:15:12,30.88,53.96,2.65,Normal,0.1725
2025-11-11 13:15:14,29.81,53.95,3.32,Normal,0.1738
2025-11-11 13:15:16,29.06,54.52,3.31,Normal,0.1791
2025-11-11 13:15:18,29.28,57.02,3.14,Normal,0.1777
2025-11-11 13:15:20,30.45,57.23,2.83,Normal,0.1749
2025-11-11 13:15:22,30.51,55.63,2.52,Normal,0.1739
2025-11-11 13:15:24,29.55,52.91,2.56,Normal,0.1722
2025-11-11 13:15:26,25.02,57.18,3.43,Normal,0.0366
2025-11-11 13:15:28,24.8,59.32,3.39,Normal,0.0171
2025-11-11 13:15:30,25.48,59.13,3.49,Normal,0.0481
2025-11-11 13:15:32,28.23,53.34,2.55,Normal,0.1585
2025-11-11 13:15:34,28.5,51.94,3.12,Normal,0.161
2025-11-11 13:15:36,29.04,52.99,2.99,Normal,0.1818
2025-11-11 13:15:38,28.88,55.59,3.41,Normal,0.1689
2025-11-11 13:15:40,29.5,55.41,2.97,Normal,0.1822
2025-11-11 13:15:42,26.32,56.09,4.16,Normal,0.0716
2025-11-11 13:15:44,22.54,58.44,5.25,Anomaly,-0.0823
2025-11-11 13:15:46,23.63,57.86,5.23,Anomaly,-0.0711
2025-11-11 13:15:48,25.88,58.45,4.59,Normal,0.021
2025-11-11 13:15:50,29.15,56.38,3.82,Normal,0.1565
2025-11-11 13:15:52,29.56,56.41,3.44,Normal,0.1747
2025-11-11 13:15:54,30.87,56.53,3.76,Normal,0.1561
2025-11-11 13:15:56,30.19,55.35,4.03,Normal,0.152
2025-11-11 13:15:58,30.61,56.91,4.2,Normal,0.14
2025-11-11 13:16:00,30.42,56.1,3.61,Normal,0.1701
2025-11-11 13:16:02,30.92,57.93,2.98,Normal,0.1669
2025-11-11 13:16:04,31.18,57.36,3.05,Normal,0.1703
2025-11-11 13:16:06,30.6,57.32,3.49,Normal,0.1696
2025-11-11 13:16:09,29.94,57.95,3.49,Normal,0.1664
2025-11-11 13:16:11,29.76,57.9,3.05,Normal,0.1752
2025-11-11 13:16:13,30.15,58.17,2.5,Normal,0.1674
2025-11-11 13:16:15,30.69,56.24,2.96,Normal,0.1759
2025-11-11 13:16:17,30.82,56.95,3.27,Normal,0.1722
2025-11-11 13:16:19,30.12,55.14,3.5,Normal,0.1699
2025-11-11 13:16:21,30.43,52.96,3.07,Normal,0.1805
2025-11-11 13:16:23,30.18,53.34,3.03,Normal,0.1794
2025-11-11 13:16:25,30.67,56.64,2.88,Normal,0.1749
2025-11-11 13:16:27,29.83,58.46,3.36,Normal,0.1694
2025-11-11 13:16:29,28.87,57.26,3.11,Normal,0.17
2025-11-11 13:16:31,28.22,57.43,3.08,Normal,0.1569
2025-11-11 13:16:33,28.09,57.48,3.18,Normal,0.1543
2025-11-11 13:16:35,29.05,59.79,3.51,Normal,0.1548
2025-11-11 13:16:37,28.1,58.5,3.57,Normal,0.1373
2025-11-11 13:16:39,28.85,58.59,3.01,Normal,0.1645
2025-11-11 13:43:23,29.65,57.85,2.37,Normal,0.1637
2025-11-11 13:43:25,30.06,57.54,2.54,Normal,0.1711
2025-11-11 13:43:27,27.15,55.44,4.38,Normal,0.09
2025-11-11 13:43:29,27.13,54.87,4.04,Normal,0.1095
2025-11-11 13:43:31,28.87,52.32,3.67,Normal,0.165
2025-11-11 13:43:33,29.88,53.01,2.46,Normal,0.1724
2025-11-11 13:43:35,30.02,56.47,2.36,Normal,0.1709
2025-11-11 13:43:37,29.38,56.82,2.47,Normal,0.1692
2025-11-11 13:43:39,30.09,53.22,2.9,Normal,0.1819
2025-11-11 13:43:41,30.26,51.99,3.02,Normal,0.1764
2025-11-11 13:43:43,29.48,53.19,3.13,Normal,0.1821
2025-11-11 13:43:45,29.82,54.84,2.61,Normal,0.1784
2025-11-11 13:43:47,28.88,55.46,3.33,Normal,0.1728
2025-11-11 13:43:49,26.94,57.27,4.52,Normal,0.0624
2025-11-11 13:43:51,23.56,59.21,6.11,Anomaly,-0.1158
2025-11-11 13:43:53,24.99,56.76,5.48,Anomaly,-0.0432
2025-11-11 13:43:55,27.22,53.35,4.64,Normal,0.0725
2025-11-11 13:43:57,28.11,52.52,3.86,Normal,0.1389
2025-11-11 13:43:59,29.17,54.06,3.57,Normal,0.1689
2025-11-11 13:44:01,28.23,54.86,3.5,Normal,0.1547
2025-11-11 13:44:03,30.56,55.0,3.06,Normal,0.1809
2025-11-11 13:44:05,30.31,56.24,3.1,Normal,0.1829
2025-11-11 13:44:07,30.36,55.43,3.59,Normal,0.1716
2025-11-11 13:44:09,29.81,54.51,3.93,Normal,0.1553
2025-11-11 13:44:11,29.6,54.11,3.58,Normal,0.1699
2025-11-11 13:44:13,33.95,51.76,4.57,Normal,0.0194
2025-11-11 13:44:15,32.44,53.52,4.45,Normal,0.086
2025-11-11 13:44:17,32.8,54.79,3.86,Normal,0.1149
